#!ascii label  , from subject cvs_avg35_inMNI152 vox2ras=TkReg + !ascii label  , from subject cvs_avg35_inMNI152 vox2ras=TkReg + !ascii label  , from subject cvs_avg35_inMNI152 vox2ras=TkReg
2836
58240 33.878000 -11.876000 -1.125000 0.000000
58245 34.442000 -11.849000 -1.945000 0.000000
58246 33.904000 -11.642000 -1.685000 0.000000
59434 32.786000 -11.088000 1.308000 0.000000
59436 33.121000 -11.690000 0.566000 0.000000
59437 32.437000 -10.978000 0.361000 0.000000
59439 33.044000 -11.565000 -0.543000 0.000000
59440 32.440000 -11.004000 -0.540000 0.000000
59442 33.401000 -11.494000 -1.502000 0.000000
59443 32.735000 -11.133000 -1.284000 0.000000
59447 34.274000 -11.475000 -2.480000 0.000000
59448 33.804000 -11.416000 -2.161000 0.000000
59449 33.138000 -11.132000 -2.098000 0.000000
59457 33.947000 -11.254000 -2.805000 0.000000
59458 33.482000 -11.147000 -2.548000 0.000000
60498 32.960000 -10.360000 1.892000 0.000000
60500 32.486000 -10.260000 1.208000 0.000000
60502 32.155000 -10.061000 0.519000 0.000000
60503 31.913000 -9.845000 -0.005000 0.000000
60505 32.117000 -10.449000 -0.208000 0.000000
60506 31.844000 -10.002000 -0.643000 0.000000
60508 32.192000 -10.610000 -1.013000 0.000000
60509 31.870000 -10.114000 -1.478000 0.000000
60516 32.447000 -10.714000 -1.922000 0.000000
60517 31.984000 -10.187000 -2.490000 0.000000
60523 34.274000 -11.051000 -3.420000 0.000000
60524 33.085000 -10.782000 -3.088000 0.000000
60525 32.171000 -9.992000 -3.553000 0.000000
60531 33.948000 -10.614000 -4.193000 0.000000
60532 32.876000 -10.194000 -4.456000 0.000000
60533 32.240000 -9.650000 -4.349000 0.000000
60541 33.718000 -10.225000 -5.249000 0.000000
60542 32.935000 -9.858000 -5.528000 0.000000
60557 34.419000 -10.131000 -5.934000 0.000000
60558 33.555000 -9.888000 -6.279000 0.000000
60559 32.873000 -9.575000 -6.272000 0.000000
60575 34.920000 -9.937000 -6.422000 0.000000
60576 34.297000 -9.877000 -6.778000 0.000000
60577 33.691000 -9.686000 -7.065000 0.000000
61523 33.560000 -9.553000 2.290000 0.000000
61524 32.917000 -9.514000 1.632000 0.000000
61530 32.507000 -9.416000 1.046000 0.000000
61532 32.156000 -9.250000 0.387000 0.000000
61533 31.866000 -9.320000 -0.295000 0.000000
61535 31.730000 -9.405000 -0.974000 0.000000
61539 31.629000 -9.402000 -1.842000 0.000000
61546 31.666000 -9.366000 -2.874000 0.000000
61548 31.843000 -9.213000 -3.847000 0.000000
61551 32.467000 -9.636000 -4.997000 0.000000
61552 32.019000 -9.082000 -4.846000 0.000000
61558 32.393000 -9.297000 -5.765000 0.000000
61559 32.059000 -8.708000 -5.632000 0.000000
61572 33.142000 -9.496000 -6.940000 0.000000
61573 32.562000 -9.093000 -6.717000 0.000000
61574 32.226000 -8.835000 -6.221000 0.000000
61590 35.143000 -9.703000 -7.202000 0.000000
61591 34.104000 -9.641000 -7.608000 0.000000
61592 33.442000 -9.403000 -7.619000 0.000000
61593 32.934000 -9.099000 -7.546000 0.000000
61608 35.460000 -9.451000 -8.387000 0.000000
61609 34.513000 -9.454000 -8.339000 0.000000
61610 33.666000 -9.218000 -8.415000 0.000000
61611 33.241000 -9.147000 -8.021000 0.000000
61629 36.510000 -9.238000 -9.609000 0.000000
61630 35.659000 -9.332000 -9.393000 0.000000
61631 34.680000 -9.219000 -9.357000 0.000000
61632 34.106000 -9.233000 -8.916000 0.000000
61649 36.579000 -9.209000 -10.462000 0.000000
61650 35.723000 -9.176000 -10.398000 0.000000
61651 35.159000 -9.223000 -9.945000 0.000000
61665 37.105000 -9.084000 -11.276000 0.000000
61666 36.608000 -9.128000 -11.111000 0.000000
61667 36.156000 -9.152000 -10.871000 0.000000
62557 34.201000 -8.568000 2.357000 0.000000
62558 33.440000 -8.535000 1.690000 0.000000
62559 32.894000 -8.981000 1.342000 0.000000
62567 33.310000 -7.952000 1.301000 0.000000
62568 32.756000 -8.427000 0.922000 0.000000
62573 32.088000 -8.415000 -0.116000 0.000000
62574 31.797000 -8.928000 -0.592000 0.000000
62578 31.966000 -8.031000 -0.620000 0.000000
62579 31.738000 -8.546000 -1.097000 0.000000
62586 31.590000 -8.580000 -2.204000 0.000000
62593 31.643000 -8.537000 -3.212000 0.000000
62595 31.788000 -8.457000 -4.169000 0.000000
62597 31.921000 -8.337000 -5.027000 0.000000
62601 31.985000 -8.210000 -5.641000 0.000000
62606 32.302000 -8.589000 -6.676000 0.000000
62607 32.101000 -8.331000 -6.205000 0.000000
62622 32.495000 -8.455000 -7.391000 0.000000
62623 32.195000 -8.170000 -6.790000 0.000000
62639 33.464000 -8.912000 -8.744000 0.000000
62640 33.090000 -8.712000 -8.379000 0.000000
62652 34.357000 -8.923000 -9.748000 0.000000
62653 33.742000 -8.723000 -9.368000 0.000000
62654 32.999000 -8.093000 -9.007000 0.000000
62669 35.395000 -8.945000 -10.771000 0.000000
62670 34.727000 -8.757000 -10.463000 0.000000
62671 33.815000 -8.065000 -10.362000 0.000000
62691 36.876000 -8.938000 -11.719000 0.000000
62692 35.804000 -8.827000 -11.403000 0.000000
62693 34.840000 -8.131000 -11.765000 0.000000
62709 37.525000 -8.702000 -12.368000 0.000000
62710 36.596000 -8.587000 -12.554000 0.000000
62711 35.604000 -8.121000 -12.706000 0.000000
62712 34.892000 -7.567000 -12.538000 0.000000
62725 38.229000 -8.474000 -12.994000 0.000000
62726 37.400000 -8.449000 -13.331000 0.000000
62727 36.488000 -8.084000 -13.627000 0.000000
62728 35.752000 -7.643000 -13.563000 0.000000
62741 38.194000 -8.334000 -13.913000 0.000000
62742 37.411000 -8.078000 -14.354000 0.000000
62743 36.705000 -7.722000 -14.453000 0.000000
62756 38.872000 -8.159000 -14.297000 0.000000
62757 38.317000 -8.076000 -14.772000 0.000000
62758 37.738000 -7.801000 -15.121000 0.000000
63675 34.976000 -7.575000 2.383000 0.000000
63676 34.193000 -7.861000 1.960000 0.000000
63684 34.510000 -7.187000 1.838000 0.000000
63685 33.830000 -7.415000 1.496000 0.000000
63686 33.220000 -7.410000 1.016000 0.000000
63693 32.706000 -7.481000 0.390000 0.000000
63697 32.289000 -7.394000 -0.421000 0.000000
63698 31.937000 -7.781000 -0.974000 0.000000
63705 32.146000 -7.151000 -1.199000 0.000000
63706 31.783000 -7.809000 -1.662000 0.000000
63710 32.074000 -7.091000 -2.031000 0.000000
63711 31.745000 -7.793000 -2.595000 0.000000
63713 32.135000 -7.077000 -2.942000 0.000000
63714 31.827000 -7.763000 -3.551000 0.000000
63716 32.232000 -7.070000 -3.889000 0.000000
63717 31.949000 -7.734000 -4.479000 0.000000
63720 32.286000 -7.070000 -4.866000 0.000000
63721 32.046000 -7.737000 -5.333000 0.000000
63723 32.290000 -7.157000 -5.992000 0.000000
63724 32.056000 -7.860000 -5.937000 0.000000
63733 32.290000 -7.543000 -7.108000 0.000000
63734 32.139000 -7.823000 -6.426000 0.000000
63752 32.616000 -7.747000 -8.260000 0.000000
63771 33.203000 -7.438000 -9.718000 0.000000
63772 32.847000 -7.555000 -8.986000 0.000000
63784 34.188000 -7.783000 -11.151000 0.000000
63785 33.694000 -7.225000 -10.784000 0.000000
63803 34.315000 -7.097000 -11.995000 0.000000
63804 33.985000 -7.165000 -11.373000 0.000000
63820 35.208000 -7.362000 -13.212000 0.000000
63821 34.703000 -6.857000 -12.897000 0.000000
63833 36.097000 -7.459000 -14.239000 0.000000
63834 35.431000 -6.993000 -14.004000 0.000000
63835 34.992000 -6.770000 -13.527000 0.000000
63848 37.098000 -7.568000 -15.062000 0.000000
63849 36.440000 -7.252000 -14.948000 0.000000
63850 35.839000 -6.838000 -14.796000 0.000000
63863 39.354000 -7.909000 -15.127000 0.000000
63864 38.314000 -7.739000 -15.624000 0.000000
63865 37.531000 -7.393000 -15.727000 0.000000
63866 36.786000 -6.951000 -15.686000 0.000000
63867 36.210000 -6.746000 -15.364000 0.000000
63881 39.925000 -7.492000 -16.049000 0.000000
63882 38.982000 -7.547000 -16.266000 0.000000
63883 37.995000 -7.241000 -16.506000 0.000000
63884 37.262000 -6.919000 -16.296000 0.000000
63891 40.309000 -7.182000 -16.594000 0.000000
63892 39.604000 -7.217000 -16.883000 0.000000
63893 38.682000 -7.114000 -17.117000 0.000000
63894 37.976000 -6.801000 -17.249000 0.000000
64891 35.781000 -6.528000 2.378000 0.000000
64892 35.052000 -6.534000 1.898000 0.000000
64898 34.392000 -6.473000 1.542000 0.000000
64899 33.652000 -6.411000 1.130000 0.000000
64900 33.097000 -6.761000 0.705000 0.000000
64907 33.169000 -6.057000 0.711000 0.000000
64908 32.782000 -6.441000 0.118000 0.000000
64914 32.462000 -6.426000 -0.701000 0.000000
64921 32.339000 -6.361000 -1.494000 0.000000
64924 32.348000 -6.318000 -2.358000 0.000000
64926 32.436000 -6.307000 -3.286000 0.000000
64928 32.558000 -6.323000 -4.249000 0.000000
64931 32.635000 -6.322000 -5.240000 0.000000
64934 32.653000 -6.269000 -6.079000 0.000000
64938 32.507000 -6.602000 -6.850000 0.000000
64948 32.507000 -6.803000 -7.807000 0.000000
64964 33.070000 -6.424000 -9.539000 0.000000
64965 32.736000 -6.863000 -8.837000 0.000000
64981 33.424000 -6.272000 -10.422000 0.000000
64997 34.136000 -6.458000 -12.008000 0.000000
64998 33.878000 -6.453000 -11.486000 0.000000
65012 34.272000 -6.094000 -12.541000 0.000000
65013 34.065000 -6.166000 -12.002000 0.000000
65023 35.062000 -6.408000 -13.965000 0.000000
65024 34.693000 -6.105000 -13.516000 0.000000
65037 35.301000 -6.186000 -14.613000 0.000000
65038 34.952000 -5.923000 -14.161000 0.000000
65054 36.319000 -6.412000 -15.833000 0.000000
65055 35.786000 -6.141000 -15.475000 0.000000
65076 40.752000 -7.029000 -16.596000 0.000000
65077 37.378000 -6.632000 -16.964000 0.000000
65078 36.662000 -6.279000 -16.542000 0.000000
65079 36.140000 -5.971000 -16.129000 0.000000
65094 41.600000 -6.256000 -17.559000 0.000000
65095 40.457000 -6.836000 -17.355000 0.000000
65096 39.249000 -6.893000 -17.764000 0.000000
65097 38.345000 -6.592000 -17.799000 0.000000
65098 37.575000 -6.203000 -17.700000 0.000000
65099 36.984000 -6.078000 -17.302000 0.000000
65105 40.741000 -6.163000 -18.334000 0.000000
65106 39.762000 -6.447000 -18.373000 0.000000
65107 38.709000 -6.240000 -18.534000 0.000000
65108 37.974000 -6.101000 -18.291000 0.000000
65113 40.546000 -5.923000 -18.834000 0.000000
65114 40.085000 -6.007000 -18.912000 0.000000
65115 39.305000 -6.009000 -18.987000 0.000000
66179 35.591000 -5.512000 1.842000 0.000000
66180 34.887000 -5.818000 1.620000 0.000000
66187 34.997000 -5.109000 1.581000 0.000000
66188 34.316000 -5.416000 1.352000 0.000000
66189 33.562000 -5.332000 0.914000 0.000000
66199 33.010000 -5.372000 0.329000 0.000000
66200 32.692000 -5.577000 -0.345000 0.000000
66212 32.533000 -5.623000 -1.000000 0.000000
66218 32.517000 -5.551000 -1.779000 0.000000
66222 32.610000 -5.517000 -2.687000 0.000000
66226 32.793000 -5.547000 -3.636000 0.000000
66230 32.980000 -5.601000 -4.598000 0.000000
66232 33.356000 -4.997000 -5.887000 0.000000
66233 33.092000 -5.496000 -5.649000 0.000000
66235 33.262000 -5.110000 -6.397000 0.000000
66236 32.870000 -5.788000 -6.638000 0.000000
66240 33.144000 -5.228000 -7.439000 0.000000
66241 32.704000 -6.073000 -7.399000 0.000000
66247 33.162000 -5.319000 -8.587000 0.000000
66248 32.758000 -6.019000 -8.202000 0.000000
66258 33.261000 -5.510000 -9.604000 0.000000
66259 32.914000 -6.010000 -8.987000 0.000000
66275 33.514000 -5.315000 -10.444000 0.000000
66296 33.731000 -5.491000 -11.189000 0.000000
66310 34.200000 -5.078000 -12.514000 0.000000
66311 34.000000 -5.647000 -11.944000 0.000000
66319 34.456000 -5.256000 -13.255000 0.000000
66327 35.039000 -5.572000 -14.558000 0.000000
66328 34.776000 -5.303000 -14.106000 0.000000
66335 35.254000 -5.285000 -15.217000 0.000000
66336 34.966000 -5.179000 -14.663000 0.000000
66352 36.234000 -5.635000 -16.584000 0.000000
66353 35.827000 -5.350000 -16.154000 0.000000
66369 37.069000 -5.679000 -17.751000 0.000000
66370 36.531000 -5.359000 -17.309000 0.000000
66371 36.131000 -5.223000 -16.734000 0.000000
66380 38.042000 -5.759000 -18.774000 0.000000
66381 37.426000 -5.422000 -18.422000 0.000000
66382 36.932000 -5.298000 -17.955000 0.000000
66391 39.581000 -5.652000 -19.494000 0.000000
66392 38.478000 -5.433000 -19.390000 0.000000
66393 37.835000 -5.356000 -19.002000 0.000000
66401 39.152000 -5.138000 -19.938000 0.000000
67291 36.268000 -4.524000 1.883000 0.000000
67292 35.453000 -4.411000 1.661000 0.000000
67304 34.715000 -4.373000 1.457000 0.000000
67305 34.003000 -4.391000 1.117000 0.000000
67306 33.371000 -4.378000 0.532000 0.000000
67318 32.848000 -4.522000 -0.350000 0.000000
67319 32.645000 -5.108000 -0.678000 0.000000
67332 32.725000 -4.238000 -0.878000 0.000000
67333 32.644000 -4.750000 -1.160000 0.000000
67335 32.726000 -4.775000 -2.084000 0.000000
67339 33.311000 -4.189000 -3.660000 0.000000
67340 32.972000 -4.659000 -3.044000 0.000000
67344 33.473000 -4.235000 -4.403000 0.000000
67345 33.185000 -4.871000 -4.015000 0.000000
67349 33.587000 -4.301000 -5.209000 0.000000
67350 33.361000 -4.919000 -4.877000 0.000000
67353 33.567000 -4.503000 -6.021000 0.000000
67354 33.420000 -4.852000 -5.516000 0.000000
67358 33.497000 -4.636000 -6.780000 0.000000
67362 33.591000 -4.433000 -7.357000 0.000000
67364 33.508000 -4.551000 -8.146000 0.000000
67370 33.485000 -4.628000 -9.112000 0.000000
67383 33.561000 -4.654000 -10.042000 0.000000
67406 33.736000 -4.657000 -10.906000 0.000000
67427 34.201000 -4.465000 -12.442000 0.000000
67428 34.007000 -4.614000 -11.833000 0.000000
67436 34.351000 -4.472000 -12.968000 0.000000
67444 34.568000 -4.555000 -13.782000 0.000000
67451 35.156000 -4.634000 -15.377000 0.000000
67452 34.876000 -4.617000 -14.727000 0.000000
67470 35.461000 -4.646000 -15.975000 0.000000
67487 36.358000 -4.665000 -17.553000 0.000000
67488 35.968000 -4.634000 -16.905000 0.000000
67496 37.231000 -4.950000 -18.676000 0.000000
67497 36.819000 -4.719000 -18.283000 0.000000
67506 38.092000 -4.925000 -19.677000 0.000000
67507 37.555000 -4.702000 -19.278000 0.000000
67508 36.985000 -4.219000 -18.896000 0.000000
67517 39.428000 -4.737000 -20.422000 0.000000
67518 38.416000 -4.510000 -20.204000 0.000000
67519 37.777000 -4.241000 -19.950000 0.000000
67527 39.086000 -4.336000 -20.728000 0.000000
68447 36.799000 -3.554000 2.126000 0.000000
68448 35.916000 -3.492000 1.925000 0.000000
68466 35.114000 -3.460000 1.680000 0.000000
68467 34.420000 -3.457000 1.303000 0.000000
68468 33.791000 -3.428000 0.815000 0.000000
68488 33.282000 -3.300000 0.006000 0.000000
68499 32.905000 -3.587000 -1.018000 0.000000
68500 32.728000 -4.160000 -1.138000 0.000000
68502 33.082000 -3.462000 -2.015000 0.000000
68503 32.825000 -4.132000 -1.600000 0.000000
68506 33.271000 -3.633000 -2.994000 0.000000
68507 32.993000 -4.131000 -2.323000 0.000000
68510 33.547000 -3.535000 -3.946000 0.000000
68513 33.773000 -3.590000 -4.811000 0.000000
68516 33.880000 -3.709000 -5.712000 0.000000
68519 34.184000 -3.077000 -7.294000 0.000000
68520 33.869000 -3.901000 -6.727000 0.000000
68522 34.172000 -3.142000 -8.283000 0.000000
68523 33.886000 -3.841000 -7.735000 0.000000
68525 34.133000 -3.220000 -9.245000 0.000000
68526 33.824000 -3.882000 -8.681000 0.000000
68528 34.122000 -3.295000 -10.159000 0.000000
68529 33.784000 -3.922000 -9.626000 0.000000
68536 34.140000 -3.358000 -10.975000 0.000000
68537 33.833000 -3.955000 -10.520000 0.000000
68554 34.192000 -3.434000 -11.665000 0.000000
68555 33.960000 -3.968000 -11.316000 0.000000
68578 34.255000 -3.809000 -12.370000 0.000000
68579 34.081000 -3.925000 -11.828000 0.000000
68595 34.454000 -3.886000 -13.319000 0.000000
68607 34.658000 -4.048000 -14.176000 0.000000
68615 35.178000 -4.161000 -15.529000 0.000000
68616 34.828000 -4.105000 -14.774000 0.000000
68632 35.607000 -4.045000 -16.614000 0.000000
68648 36.233000 -4.074000 -17.714000 0.000000
68649 35.858000 -4.014000 -17.172000 0.000000
68659 36.645000 -3.860000 -18.552000 0.000000
68668 37.503000 -4.075000 -19.796000 0.000000
68669 37.093000 -3.735000 -19.461000 0.000000
68679 38.328000 -3.955000 -20.626000 0.000000
68680 37.791000 -3.651000 -20.435000 0.000000
68681 37.286000 -3.256000 -20.037000 0.000000
68692 38.875000 -3.706000 -21.184000 0.000000
68693 38.149000 -3.160000 -21.167000 0.000000
68702 39.142000 -2.903000 -21.934000 0.000000
69521 37.295000 -2.604000 2.498000 0.000000
69522 36.346000 -2.530000 2.340000 0.000000
69523 35.500000 -2.519000 1.993000 0.000000
69539 34.775000 -2.521000 1.524000 0.000000
69540 34.206000 -2.593000 1.014000 0.000000
69541 33.792000 -2.544000 0.489000 0.000000
69555 33.559000 -2.313000 -0.091000 0.000000
69562 33.284000 -2.520000 -0.769000 0.000000
69567 33.234000 -2.646000 -1.669000 0.000000
69570 33.349000 -2.719000 -2.592000 0.000000
69573 33.567000 -2.772000 -3.506000 0.000000
69575 34.141000 -2.074000 -4.937000 0.000000
69576 33.853000 -2.813000 -4.405000 0.000000
69578 34.333000 -2.138000 -5.901000 0.000000
69579 34.127000 -2.909000 -5.312000 0.000000
69581 34.413000 -2.215000 -6.906000 0.000000
69582 34.191000 -3.006000 -6.291000 0.000000
69584 34.436000 -2.325000 -7.918000 0.000000
69587 34.388000 -2.446000 -8.914000 0.000000
69591 34.364000 -2.587000 -9.848000 0.000000
69598 34.342000 -2.701000 -10.694000 0.000000
69612 34.326000 -2.866000 -11.349000 0.000000
69627 34.360000 -2.856000 -11.936000 0.000000
69641 34.378000 -3.177000 -12.704000 0.000000
69654 35.033000 -2.110000 -14.408000 0.000000
69655 34.543000 -3.666000 -13.728000 0.000000
69665 35.168000 -2.416000 -14.950000 0.000000
69666 34.780000 -3.904000 -14.575000 0.000000
69683 35.633000 -3.685000 -16.661000 0.000000
69700 36.361000 -3.498000 -18.121000 0.000000
69701 35.960000 -3.545000 -17.396000 0.000000
69711 36.649000 -3.305000 -18.853000 0.000000
69722 37.007000 -3.065000 -19.689000 0.000000
69733 37.800000 -3.002000 -20.928000 0.000000
69734 37.422000 -2.823000 -20.631000 0.000000
69746 38.553000 -2.911000 -21.641000 0.000000
69747 37.978000 -2.550000 -21.532000 0.000000
69748 37.580000 -2.308000 -21.377000 0.000000
69759 38.804000 -2.310000 -22.347000 0.000000
69760 38.191000 -2.023000 -22.199000 0.000000
70517 39.179000 -1.074000 3.099000 0.000000
70518 38.272000 -1.118000 3.283000 0.000000
70519 37.472000 -1.044000 3.270000 0.000000
70520 37.059000 -0.872000 3.197000 0.000000
70539 37.792000 -1.808000 2.916000 0.000000
70540 36.820000 -1.447000 2.872000 0.000000
70541 35.857000 -1.543000 2.392000 0.000000
70552 35.157000 -1.559000 1.765000 0.000000
70553 34.484000 -1.579000 0.999000 0.000000
70554 34.130000 -2.088000 0.696000 0.000000
70560 34.336000 -1.165000 0.497000 0.000000
70561 34.003000 -1.636000 0.241000 0.000000
70563 33.653000 -1.674000 -0.594000 0.000000
70568 33.485000 -1.786000 -1.430000 0.000000
70573 33.482000 -1.912000 -2.288000 0.000000
70577 33.967000 -1.277000 -3.595000 0.000000
70578 33.595000 -1.981000 -3.143000 0.000000
70580 34.198000 -1.283000 -4.534000 0.000000
70581 33.809000 -2.007000 -4.035000 0.000000
70583 34.410000 -1.305000 -5.502000 0.000000
70585 34.576000 -1.311000 -6.532000 0.000000
70587 34.672000 -1.421000 -7.583000 0.000000
70591 34.648000 -1.618000 -8.617000 0.000000
70594 34.589000 -1.813000 -9.624000 0.000000
70597 34.503000 -2.071000 -10.412000 0.000000
70609 34.505000 -2.106000 -11.247000 0.000000
70626 34.514000 -2.036000 -11.924000 0.000000
70638 34.049000 -0.880000 -13.704000 0.000000
70639 33.926000 -1.524000 -13.525000 0.000000
70654 34.131000 -0.979000 -13.485000 0.000000
70655 33.999000 -1.764000 -13.634000 0.000000
70667 35.439000 -1.471000 -15.285000 0.000000
70680 35.857000 -3.384000 -17.188000 0.000000
70694 36.356000 -3.217000 -18.193000 0.000000
70695 36.058000 -3.266000 -17.571000 0.000000
70703 36.733000 -3.004000 -19.193000 0.000000
70712 37.139000 -2.753000 -20.090000 0.000000
70721 37.387000 -2.409000 -20.981000 0.000000
70731 37.830000 -2.040000 -21.898000 0.000000
70732 37.646000 -1.900000 -21.823000 0.000000
70742 38.540000 -1.759000 -22.653000 0.000000
70743 38.103000 -1.550000 -22.534000 0.000000
70744 37.896000 -1.483000 -22.406000 0.000000
71579 39.782000 -0.248000 3.357000 0.000000
71580 38.701000 -0.295000 3.529000 0.000000
71581 37.808000 -0.364000 3.460000 0.000000
71582 37.261000 -0.497000 3.287000 0.000000
71598 36.818000 -0.464000 3.062000 0.000000
71599 36.207000 -0.561000 2.640000 0.000000
71611 35.546000 -0.591000 2.043000 0.000000
71612 35.002000 -0.628000 1.331000 0.000000
71622 34.576000 -0.544000 0.572000 0.000000
71623 34.256000 -0.904000 0.147000 0.000000
71627 34.367000 -0.256000 -0.196000 0.000000
71628 34.062000 -0.956000 -0.436000 0.000000
71631 34.235000 -0.272000 -1.019000 0.000000
71632 33.889000 -1.025000 -1.245000 0.000000
71636 34.131000 -0.347000 -1.929000 0.000000
71637 33.808000 -1.157000 -2.109000 0.000000
71640 34.102000 -0.549000 -2.977000 0.000000
71641 33.781000 -1.364000 -2.818000 0.000000
71643 34.333000 -0.525000 -4.078000 0.000000
71645 34.541000 -0.546000 -5.054000 0.000000
71647 34.749000 -0.514000 -6.048000 0.000000
71649 35.315000 0.059000 -7.666000 0.000000
71650 35.088000 -0.335000 -7.251000 0.000000
71654 35.325000 -0.029000 -8.107000 0.000000
71655 34.963000 -0.752000 -8.328000 0.000000
71657 35.310000 -0.193000 -9.060000 0.000000
71658 34.883000 -0.973000 -9.381000 0.000000
71661 35.208000 -0.312000 -10.092000 0.000000
71662 34.783000 -1.241000 -10.511000 0.000000
71664 35.105000 -0.325000 -11.046000 0.000000
71665 34.804000 -1.172000 -11.478000 0.000000
71680 35.134000 -0.267000 -11.667000 0.000000
71681 34.756000 -1.126000 -11.816000 0.000000
71696 34.206000 -0.347000 -13.337000 0.000000
71697 34.060000 -0.907000 -13.466000 0.000000
71712 34.351000 -0.307000 -13.534000 0.000000
71725 35.687000 -0.521000 -15.574000 0.000000
71737 36.107000 -0.106000 -17.014000 0.000000
71738 35.974000 -0.371000 -16.613000 0.000000
71754 36.211000 -0.450000 -17.635000 0.000000
71755 36.051000 -0.691000 -17.107000 0.000000
71765 36.475000 -0.468000 -19.027000 0.000000
71774 36.636000 -0.428000 -20.086000 0.000000
71783 36.787000 -0.366000 -21.043000 0.000000
71792 36.948000 -0.295000 -21.857000 0.000000
71802 38.028000 -0.994000 -22.856000 0.000000
71803 37.085000 -0.275000 -22.322000 0.000000
72701 40.108000 0.696000 3.638000 0.000000
72702 39.137000 0.659000 3.693000 0.000000
72703 38.101000 0.563000 3.561000 0.000000
72704 37.243000 0.281000 3.207000 0.000000
72718 36.595000 0.321000 2.724000 0.000000
72719 36.005000 0.318000 2.194000 0.000000
72731 35.458000 0.348000 1.512000 0.000000
72732 34.983000 0.111000 0.904000 0.000000
72742 35.245000 0.786000 0.814000 0.000000
72743 34.858000 0.514000 0.147000 0.000000
72749 34.584000 0.457000 -0.718000 0.000000
72755 34.466000 0.445000 -1.623000 0.000000
72760 34.432000 0.396000 -2.619000 0.000000
72764 34.547000 0.286000 -3.653000 0.000000
72767 34.729000 0.168000 -4.615000 0.000000
72769 35.318000 0.833000 -5.827000 0.000000
72770 34.911000 0.147000 -5.509000 0.000000
72772 35.512000 0.876000 -6.738000 0.000000
72773 35.150000 0.213000 -6.400000 0.000000
72775 35.528000 0.563000 -7.647000 0.000000
72776 35.358000 0.304000 -7.002000 0.000000
72780 35.639000 0.568000 -8.714000 0.000000
72782 35.596000 0.482000 -9.712000 0.000000
72786 35.452000 0.465000 -10.646000 0.000000
72789 35.421000 0.556000 -11.432000 0.000000
72804 35.438000 0.870000 -11.853000 0.000000
72818 34.535000 0.396000 -13.265000 0.000000
72830 35.714000 0.381000 -14.925000 0.000000
72845 36.038000 0.907000 -15.953000 0.000000
72846 35.879000 0.281000 -15.760000 0.000000
72856 36.151000 0.528000 -16.828000 0.000000
72857 36.006000 0.330000 -16.276000 0.000000
72870 36.308000 0.750000 -17.669000 0.000000
72880 36.396000 0.565000 -18.523000 0.000000
72888 36.504000 0.518000 -19.569000 0.000000
72897 36.606000 0.501000 -20.577000 0.000000
72905 36.751000 0.473000 -21.545000 0.000000
72913 37.205000 0.090000 -22.818000 0.000000
72914 37.025000 0.288000 -22.466000 0.000000
72926 37.357000 0.367000 -23.185000 0.000000
72927 37.042000 1.017000 -22.974000 0.000000
72942 38.843000 0.060000 -24.341000 0.000000
72952 39.741000 0.901000 -25.449000 0.000000
72953 39.270000 1.117000 -25.455000 0.000000
73823 40.447000 2.118000 4.103000 0.000000
73824 40.012000 2.296000 4.142000 0.000000
73841 40.632000 1.381000 3.779000 0.000000
73842 39.683000 1.734000 3.930000 0.000000
73843 38.552000 1.598000 3.627000 0.000000
73844 37.460000 1.501000 3.060000 0.000000
73845 36.943000 0.883000 2.815000 0.000000
73862 37.139000 1.998000 2.503000 0.000000
73863 36.558000 1.430000 2.179000 0.000000
73864 35.956000 0.879000 1.783000 0.000000
73876 36.331000 1.869000 1.511000 0.000000
73877 35.837000 1.434000 1.225000 0.000000
73886 35.381000 1.386000 0.124000 0.000000
73887 35.086000 0.970000 -0.051000 0.000000
73893 35.332000 1.693000 -0.824000 0.000000
73894 35.001000 1.034000 -0.423000 0.000000
73901 35.322000 1.811000 -1.770000 0.000000
73902 34.864000 1.136000 -1.256000 0.000000
73909 35.310000 1.831000 -2.738000 0.000000
73910 34.829000 1.166000 -2.216000 0.000000
73915 35.301000 1.793000 -3.371000 0.000000
73916 34.911000 1.188000 -3.279000 0.000000
73920 35.318000 1.732000 -4.006000 0.000000
73921 35.021000 0.923000 -4.281000 0.000000
73924 35.453000 1.519000 -5.066000 0.000000
73925 35.141000 0.683000 -5.053000 0.000000
73927 35.715000 1.637000 -6.181000 0.000000
73929 36.389000 2.072000 -7.727000 0.000000
73930 36.096000 1.736000 -7.343000 0.000000
73934 36.402000 1.983000 -8.124000 0.000000
73935 36.019000 1.321000 -8.352000 0.000000
73937 36.393000 1.840000 -8.882000 0.000000
73938 36.039000 1.301000 -9.399000 0.000000
73942 35.851000 1.142000 -10.267000 0.000000
73944 35.666000 1.277000 -11.052000 0.000000
73957 35.651000 1.497000 -11.737000 0.000000
73970 35.659000 1.816000 -12.096000 0.000000
73982 36.016000 1.921000 -14.852000 0.000000
73983 35.879000 1.553000 -14.473000 0.000000
73995 36.065000 1.718000 -15.336000 0.000000
73996 35.908000 0.970000 -15.279000 0.000000
74009 36.217000 1.635000 -16.307000 0.000000
74024 36.332000 1.584000 -17.235000 0.000000
74038 36.414000 1.568000 -18.160000 0.000000
74047 36.471000 1.511000 -19.130000 0.000000
74056 36.525000 1.461000 -20.137000 0.000000
74064 36.606000 1.398000 -21.131000 0.000000
74071 36.771000 1.390000 -22.203000 0.000000
74079 37.319000 1.215000 -23.672000 0.000000
74080 36.947000 1.898000 -23.249000 0.000000
74091 39.013000 1.014000 -25.250000 0.000000
74092 37.618000 1.718000 -24.501000 0.000000
74093 37.207000 1.838000 -23.937000 0.000000
74103 40.078000 1.341000 -25.980000 0.000000
74104 39.490000 1.484000 -25.856000 0.000000
74105 39.069000 1.780000 -25.890000 0.000000
74106 38.902000 1.723000 -25.715000 0.000000
74116 40.459000 1.782000 -26.605000 0.000000
74117 39.703000 1.836000 -26.339000 0.000000
74118 39.312000 1.887000 -26.142000 0.000000
74126 41.005000 1.841000 -26.863000 0.000000
75023 39.732000 2.660000 4.041000 0.000000
75024 39.030000 2.584000 3.721000 0.000000
75025 38.153000 2.537000 3.270000 0.000000
75044 37.513000 2.584000 2.646000 0.000000
75045 37.056000 2.490000 2.091000 0.000000
75061 36.672000 2.458000 1.513000 0.000000
75062 36.287000 2.159000 1.105000 0.000000
75073 36.521000 2.752000 0.842000 0.000000
75074 36.096000 2.284000 0.399000 0.000000
75080 35.815000 2.252000 -0.401000 0.000000
75088 35.774000 2.428000 -1.269000 0.000000
75095 36.206000 3.196000 -3.132000 0.000000
75096 35.832000 2.611000 -2.330000 0.000000
75100 36.258000 3.098000 -4.071000 0.000000
75101 35.678000 2.423000 -3.458000 0.000000
75104 36.445000 3.082000 -5.013000 0.000000
75105 35.810000 2.418000 -4.533000 0.000000
75108 36.668000 3.025000 -5.952000 0.000000
75109 35.997000 2.385000 -5.550000 0.000000
75111 36.765000 2.889000 -6.841000 0.000000
75112 36.248000 2.357000 -6.501000 0.000000
75114 36.647000 2.549000 -7.710000 0.000000
75115 36.434000 2.376000 -7.100000 0.000000
75119 36.714000 2.523000 -8.722000 0.000000
75121 36.502000 2.255000 -9.793000 0.000000
75122 36.148000 1.613000 -10.029000 0.000000
75126 36.368000 2.652000 -10.879000 0.000000
75127 36.052000 1.848000 -10.583000 0.000000
75130 36.210000 2.875000 -11.681000 0.000000
75131 35.908000 2.123000 -11.375000 0.000000
75142 36.117000 2.900000 -12.036000 0.000000
75143 35.926000 2.488000 -12.081000 0.000000
75158 35.870000 2.462000 -12.339000 0.000000
75171 36.127000 2.463000 -14.766000 0.000000
75172 35.983000 2.255000 -14.246000 0.000000
75183 36.284000 2.558000 -15.777000 0.000000
75197 36.384000 2.544000 -16.757000 0.000000
75209 36.447000 2.524000 -17.724000 0.000000
75220 36.483000 2.500000 -18.701000 0.000000
75232 36.507000 2.456000 -19.705000 0.000000
75246 36.537000 2.369000 -20.723000 0.000000
75258 36.601000 2.189000 -21.590000 0.000000
75266 36.671000 2.505000 -22.391000 0.000000
75272 36.764000 2.805000 -23.207000 0.000000
75280 37.472000 2.232000 -24.707000 0.000000
75281 37.127000 2.596000 -24.231000 0.000000
75289 38.975000 2.187000 -26.175000 0.000000
75290 38.806000 2.339000 -26.176000 0.000000
75291 37.181000 3.267000 -25.033000 0.000000
75302 40.356000 2.130000 -26.909000 0.000000
75303 39.973000 2.210000 -26.837000 0.000000
75304 39.154000 2.428000 -26.588000 0.000000
75305 38.745000 2.958000 -26.756000 0.000000
75316 40.668000 2.378000 -27.328000 0.000000
75317 39.656000 2.762000 -27.273000 0.000000
75318 39.105000 3.152000 -27.247000 0.000000
75328 40.645000 3.108000 -28.052000 0.000000
76167 39.983000 3.112000 4.129000 0.000000
76185 39.584000 3.525000 3.802000 0.000000
76186 38.679000 3.429000 3.335000 0.000000
76187 38.014000 3.439000 2.798000 0.000000
76208 37.408000 3.520000 2.019000 0.000000
76209 37.055000 2.980000 1.675000 0.000000
76227 37.311000 4.048000 1.486000 0.000000
76228 36.975000 3.515000 1.129000 0.000000
76239 36.564000 3.352000 0.036000 0.000000
76240 36.202000 2.692000 -0.172000 0.000000
76250 36.499000 3.738000 -1.028000 0.000000
76251 36.217000 2.929000 -0.734000 0.000000
76259 36.504000 3.865000 -1.945000 0.000000
76260 36.250000 3.141000 -1.606000 0.000000
76268 36.445000 3.852000 -2.837000 0.000000
76269 36.298000 3.340000 -2.366000 0.000000
76273 36.465000 3.760000 -3.766000 0.000000
76276 36.591000 3.644000 -4.583000 0.000000
76279 37.352000 4.303000 -5.828000 0.000000
76280 37.096000 3.831000 -5.476000 0.000000
76282 37.479000 4.189000 -6.149000 0.000000
76283 37.234000 3.576000 -6.431000 0.000000
76285 37.643000 4.141000 -6.941000 0.000000
76286 37.261000 3.449000 -7.396000 0.000000
76290 38.040000 4.425000 -8.509000 0.000000
76291 37.812000 4.228000 -8.114000 0.000000
76292 37.227000 3.308000 -8.398000 0.000000
76294 38.119000 4.372000 -8.862000 0.000000
76295 37.753000 3.835000 -9.054000 0.000000
76296 37.137000 3.176000 -9.401000 0.000000
76299 38.142000 4.267000 -9.558000 0.000000
76300 37.713000 3.813000 -10.093000 0.000000
76301 36.984000 3.192000 -10.407000 0.000000
76303 37.362000 3.790000 -10.914000 0.000000
76304 36.768000 3.518000 -11.390000 0.000000
76306 36.453000 3.502000 -12.107000 0.000000
76307 36.190000 3.151000 -12.334000 0.000000
76318 36.445000 3.758000 -12.570000 0.000000
76319 36.145000 3.148000 -12.574000 0.000000
76331 36.433000 3.933000 -13.169000 0.000000
76332 36.087000 2.686000 -14.058000 0.000000
76342 36.430000 3.473000 -15.251000 0.000000
76353 36.476000 3.487000 -16.267000 0.000000
76366 36.507000 3.478000 -17.254000 0.000000
76377 36.524000 3.467000 -18.240000 0.000000
76384 36.530000 3.446000 -19.243000 0.000000
76395 36.532000 3.395000 -20.286000 0.000000
76412 36.548000 3.257000 -21.465000 0.000000
76421 36.576000 3.497000 -22.564000 0.000000
76428 36.671000 3.577000 -23.537000 0.000000
76435 36.798000 3.739000 -24.450000 0.000000
76442 37.408000 3.641000 -25.837000 0.000000
76443 36.935000 4.040000 -25.259000 0.000000
76453 38.760000 3.316000 -27.133000 0.000000
76454 38.472000 3.736000 -27.243000 0.000000
76461 39.980000 3.179000 -27.832000 0.000000
76462 39.346000 3.442000 -27.662000 0.000000
76463 38.846000 3.839000 -27.637000 0.000000
76464 38.592000 3.821000 -27.418000 0.000000
76473 40.231000 3.728000 -28.361000 0.000000
76474 39.536000 3.849000 -28.136000 0.000000
76475 39.145000 3.886000 -27.904000 0.000000
77350 39.040000 4.359000 3.259000 0.000000
77351 38.463000 4.070000 2.939000 0.000000
77369 38.607000 4.659000 2.843000 0.000000
77370 38.062000 4.456000 2.424000 0.000000
77384 37.530000 4.597000 1.736000 0.000000
77385 37.195000 4.598000 1.115000 0.000000
77394 36.919000 4.474000 0.370000 0.000000
77405 36.683000 4.524000 -0.526000 0.000000
77417 36.481000 4.585000 -1.460000 0.000000
77430 36.365000 4.503000 -2.426000 0.000000
77438 36.345000 4.366000 -3.435000 0.000000
77442 36.600000 4.265000 -4.591000 0.000000
77445 37.452000 4.473000 -6.006000 0.000000
77446 37.086000 4.590000 -5.715000 0.000000
77448 37.556000 4.666000 -6.438000 0.000000
77449 37.216000 5.071000 -6.291000 0.000000
77451 37.836000 4.760000 -7.306000 0.000000
77455 38.213000 4.659000 -8.599000 0.000000
77456 38.141000 4.976000 -8.043000 0.000000
77459 38.995000 5.091000 -9.850000 0.000000
77460 38.653000 4.858000 -9.452000 0.000000
77463 38.995000 4.982000 -10.262000 0.000000
77464 38.383000 4.509000 -10.425000 0.000000
77465 37.910000 4.140000 -10.974000 0.000000
77467 38.867000 4.926000 -11.078000 0.000000
77468 38.290000 4.731000 -11.567000 0.000000
77469 37.426000 4.302000 -11.682000 0.000000
77470 36.965000 4.101000 -11.780000 0.000000
77472 37.839000 4.944000 -12.307000 0.000000
77473 37.170000 4.738000 -12.504000 0.000000
77474 36.703000 4.163000 -12.425000 0.000000
77482 37.060000 4.967000 -12.859000 0.000000
77483 36.805000 4.583000 -12.803000 0.000000
77495 36.732000 4.393000 -14.750000 0.000000
77505 36.668000 4.412000 -15.794000 0.000000
77514 36.629000 4.397000 -16.784000 0.000000
77525 36.613000 4.393000 -17.761000 0.000000
77537 36.604000 4.390000 -18.751000 0.000000
77543 36.586000 4.382000 -19.761000 0.000000
77550 36.549000 4.371000 -20.805000 0.000000
77565 36.489000 4.410000 -21.867000 0.000000
77581 36.453000 4.441000 -22.889000 0.000000
77589 36.481000 4.474000 -23.845000 0.000000
77597 36.578000 4.631000 -24.751000 0.000000
77603 37.046000 4.349000 -25.854000 0.000000
77604 36.766000 4.791000 -25.575000 0.000000
77613 38.318000 4.376000 -27.588000 0.000000
77614 36.962000 4.791000 -26.064000 0.000000
77624 38.707000 4.313000 -27.886000 0.000000
77625 38.504000 4.370000 -27.754000 0.000000
77635 40.585000 4.272000 -28.731000 0.000000
77636 39.782000 4.589000 -28.656000 0.000000
77637 39.015000 4.434000 -28.186000 0.000000
77638 38.650000 4.587000 -28.044000 0.000000
77646 40.832000 4.810000 -29.130000 0.000000
77647 40.275000 4.772000 -28.918000 0.000000
78537 38.907000 4.951000 2.971000 0.000000
78554 38.598000 5.456000 2.659000 0.000000
78555 37.786000 5.478000 2.065000 0.000000
78570 37.228000 5.491000 1.416000 0.000000
78571 36.806000 5.451000 0.699000 0.000000
78579 36.503000 5.369000 -0.063000 0.000000
78588 36.099000 5.482000 -0.893000 0.000000
78589 35.595000 6.041000 -0.951000 0.000000
78599 35.982000 5.222000 -1.960000 0.000000
78600 35.460000 5.862000 -1.500000 0.000000
78611 35.995000 5.051000 -2.997000 0.000000
78612 35.155000 5.774000 -2.525000 0.000000
78613 34.728000 6.338000 -2.850000 0.000000
78624 36.090000 4.836000 -4.055000 0.000000
78625 35.369000 5.363000 -3.656000 0.000000
78626 34.779000 6.079000 -3.444000 0.000000
78631 36.282000 4.864000 -5.107000 0.000000
78632 35.547000 5.236000 -4.645000 0.000000
78633 34.896000 5.782000 -4.401000 0.000000
78637 36.585000 5.146000 -5.973000 0.000000
78638 35.566000 5.434000 -5.634000 0.000000
78639 35.096000 5.576000 -5.054000 0.000000
78641 37.413000 5.150000 -6.936000 0.000000
78642 36.818000 5.308000 -6.685000 0.000000
78643 36.095000 5.492000 -6.523000 0.000000
78645 37.615000 5.251000 -7.661000 0.000000
78646 36.864000 5.495000 -7.489000 0.000000
78647 36.412000 5.521000 -7.041000 0.000000
78650 38.354000 5.217000 -8.720000 0.000000
78651 37.753000 5.529000 -8.435000 0.000000
78652 37.300000 5.493000 -7.986000 0.000000
78655 39.064000 5.520000 -9.856000 0.000000
78656 38.521000 5.573000 -9.275000 0.000000
78657 38.155000 5.610000 -8.890000 0.000000
78660 39.264000 5.539000 -10.797000 0.000000
78662 38.947000 5.560000 -11.862000 0.000000
78663 38.358000 5.192000 -12.194000 0.000000
78665 38.959000 6.133000 -12.225000 0.000000
78666 38.221000 5.716000 -12.741000 0.000000
78667 37.636000 5.176000 -12.720000 0.000000
78669 37.720000 5.980000 -12.905000 0.000000
78670 37.460000 5.401000 -12.953000 0.000000
78671 37.031000 5.039000 -13.092000 0.000000
78681 37.449000 5.496000 -13.137000 0.000000
78682 37.183000 5.146000 -13.023000 0.000000
78694 37.329000 5.770000 -14.770000 0.000000
78695 37.023000 5.357000 -15.363000 0.000000
78707 36.850000 5.252000 -16.359000 0.000000
78718 36.782000 5.248000 -17.295000 0.000000
78731 36.749000 5.259000 -18.259000 0.000000
78736 36.719000 5.272000 -19.241000 0.000000
78743 36.660000 5.305000 -20.224000 0.000000
78752 36.539000 5.398000 -21.218000 0.000000
78768 36.351000 5.483000 -22.275000 0.000000
78769 36.136000 5.985000 -22.869000 0.000000
78779 36.268000 5.269000 -23.267000 0.000000
78780 36.055000 6.038000 -23.601000 0.000000
78787 36.273000 5.324000 -24.180000 0.000000
78788 36.053000 6.123000 -24.462000 0.000000
78796 36.378000 5.595000 -25.172000 0.000000
78797 36.080000 6.357000 -25.101000 0.000000
78804 37.128000 5.158000 -26.638000 0.000000
78805 36.839000 5.513000 -26.294000 0.000000
78813 38.350000 4.958000 -28.071000 0.000000
78814 36.978000 6.145000 -27.011000 0.000000
78821 39.630000 5.067000 -28.888000 0.000000
78822 39.225000 5.217000 -28.817000 0.000000
78823 38.575000 5.208000 -28.427000 0.000000
78832 41.045000 5.453000 -29.818000 0.000000
78833 39.940000 5.352000 -29.255000 0.000000
78834 39.187000 5.886000 -29.304000 0.000000
78850 40.910000 6.158000 -30.374000 0.000000
79690 37.425000 6.407000 1.686000 0.000000
79691 36.787000 6.385000 1.055000 0.000000
79705 36.285000 6.351000 0.195000 0.000000
79706 35.989000 6.812000 -0.217000 0.000000
79718 36.136000 5.874000 -0.282000 0.000000
79719 35.824000 6.356000 -0.506000 0.000000
79729 35.287000 6.631000 -1.118000 0.000000
79730 34.867000 6.984000 -1.646000 0.000000
79741 34.986000 6.354000 -1.775000 0.000000
79742 34.667000 6.761000 -2.338000 0.000000
79753 34.545000 6.845000 -3.175000 0.000000
79762 34.496000 6.689000 -4.160000 0.000000
79770 35.168000 5.832000 -5.801000 0.000000
79771 34.776000 6.286000 -5.460000 0.000000
79775 35.348000 5.922000 -6.274000 0.000000
79776 34.930000 6.694000 -6.651000 0.000000
79778 36.537000 5.781000 -7.784000 0.000000
79779 35.873000 6.085000 -7.478000 0.000000
79780 35.081000 7.040000 -7.427000 0.000000
79783 37.489000 5.793000 -8.706000 0.000000
79784 36.887000 5.880000 -8.414000 0.000000
79785 35.960000 6.735000 -8.733000 0.000000
79788 39.017000 5.986000 -9.772000 0.000000
79789 38.629000 6.006000 -9.734000 0.000000
79790 37.779000 6.031000 -9.318000 0.000000
79791 36.665000 6.714000 -9.622000 0.000000
79792 35.941000 7.254000 -9.534000 0.000000
79795 39.066000 6.120000 -10.242000 0.000000
79796 38.333000 6.341000 -10.392000 0.000000
79797 37.387000 6.750000 -10.571000 0.000000
79798 36.649000 7.185000 -10.544000 0.000000
79800 38.925000 6.289000 -11.115000 0.000000
79801 38.096000 6.691000 -11.405000 0.000000
79802 37.371000 7.080000 -11.455000 0.000000
79804 38.755000 6.422000 -11.844000 0.000000
79805 38.409000 6.800000 -12.415000 0.000000
79807 37.916000 6.574000 -12.840000 0.000000
79808 37.734000 6.133000 -13.316000 0.000000
79812 37.988000 6.307000 -12.970000 0.000000
79813 37.840000 5.722000 -12.943000 0.000000
79822 37.794000 6.927000 -14.948000 0.000000
79823 37.460000 6.430000 -15.491000 0.000000
79824 37.124000 5.953000 -16.092000 0.000000
79836 37.350000 6.609000 -16.420000 0.000000
79837 37.038000 5.998000 -16.863000 0.000000
79848 37.289000 6.736000 -17.290000 0.000000
79849 36.980000 6.040000 -17.777000 0.000000
79860 37.222000 6.793000 -18.247000 0.000000
79861 36.934000 6.071000 -18.740000 0.000000
79866 37.149000 6.852000 -19.202000 0.000000
79867 36.869000 6.115000 -19.693000 0.000000
79873 37.020000 6.926000 -20.087000 0.000000
79874 36.737000 6.221000 -20.602000 0.000000
79882 36.826000 7.015000 -20.790000 0.000000
79883 36.476000 6.587000 -21.542000 0.000000
79884 36.156000 7.010000 -22.181000 0.000000
79898 36.193000 6.369000 -22.343000 0.000000
79899 35.943000 6.891000 -22.949000 0.000000
79911 35.852000 6.822000 -23.948000 0.000000
79919 35.896000 6.823000 -24.764000 0.000000
79926 36.254000 6.646000 -25.785000 0.000000
79927 35.998000 6.785000 -25.266000 0.000000
79935 36.658000 6.656000 -26.692000 0.000000
79945 38.319000 5.861000 -28.579000 0.000000
79946 36.905000 6.675000 -27.203000 0.000000
79953 38.720000 5.973000 -29.045000 0.000000
79954 38.379000 6.296000 -28.926000 0.000000
79964 40.225000 6.128000 -30.045000 0.000000
79965 39.481000 6.266000 -29.737000 0.000000
79966 38.846000 6.699000 -29.576000 0.000000
79967 38.513000 6.556000 -29.212000 0.000000
79982 41.260000 6.564000 -30.750000 0.000000
79983 40.478000 6.885000 -30.680000 0.000000
79984 39.691000 6.805000 -30.264000 0.000000
79985 39.240000 6.783000 -29.945000 0.000000
80006 40.976000 7.016000 -30.963000 0.000000
80869 37.116000 7.132000 1.249000 0.000000
80882 36.589000 7.432000 0.494000 0.000000
80883 36.138000 7.146000 -0.025000 0.000000
80895 36.223000 7.711000 -0.171000 0.000000
80896 35.715000 7.368000 -0.581000 0.000000
80907 35.154000 7.560000 -1.331000 0.000000
80908 34.692000 7.629000 -1.956000 0.000000
80919 34.542000 7.593000 -2.708000 0.000000
80929 34.377000 7.657000 -3.636000 0.000000
80939 34.283000 7.699000 -4.875000 0.000000
80948 34.464000 7.521000 -6.086000 0.000000
80956 34.704000 7.637000 -7.016000 0.000000
80960 35.338000 7.183000 -8.150000 0.000000
80961 34.886000 7.745000 -7.769000 0.000000
80965 35.421000 7.717000 -9.068000 0.000000
80966 35.043000 7.917000 -8.396000 0.000000
80969 36.185000 7.464000 -10.207000 0.000000
80970 35.762000 7.939000 -9.935000 0.000000
80973 36.828000 7.340000 -11.248000 0.000000
80974 36.322000 7.870000 -10.986000 0.000000
80975 36.016000 8.064000 -10.515000 0.000000
80977 37.642000 7.196000 -12.068000 0.000000
80978 37.017000 7.521000 -11.917000 0.000000
80979 36.604000 8.021000 -11.733000 0.000000
80981 37.875000 7.352000 -12.636000 0.000000
80982 37.267000 7.709000 -12.411000 0.000000
80983 36.862000 8.040000 -12.217000 0.000000
80985 38.232000 7.038000 -12.721000 0.000000
80987 37.954000 7.626000 -14.815000 0.000000
80992 37.807000 7.521000 -15.831000 0.000000
80993 37.580000 7.009000 -16.109000 0.000000
81003 37.847000 7.835000 -16.472000 0.000000
81004 37.651000 7.406000 -16.732000 0.000000
81015 37.545000 7.451000 -17.746000 0.000000
81026 37.466000 7.536000 -18.712000 0.000000
81031 37.343000 7.665000 -19.637000 0.000000
81039 37.096000 7.744000 -20.461000 0.000000
81051 36.718000 7.671000 -21.169000 0.000000
81052 36.308000 7.643000 -21.797000 0.000000
81053 35.971000 7.671000 -22.388000 0.000000
81063 35.755000 7.783000 -22.893000 0.000000
81073 35.688000 7.655000 -23.533000 0.000000
81083 35.711000 7.601000 -24.403000 0.000000
81092 36.093000 7.346000 -25.875000 0.000000
81093 35.912000 7.457000 -25.344000 0.000000
81101 36.283000 7.652000 -26.381000 0.000000
81102 36.027000 7.706000 -25.875000 0.000000
81111 37.079000 7.256000 -27.776000 0.000000
81112 36.809000 7.393000 -27.326000 0.000000
81122 38.218000 6.897000 -29.050000 0.000000
81123 37.013000 7.613000 -27.806000 0.000000
81135 38.658000 7.561000 -29.763000 0.000000
81136 38.389000 7.229000 -29.354000 0.000000
81153 40.344000 7.352000 -30.904000 0.000000
81154 39.898000 7.546000 -30.779000 0.000000
81155 39.152000 7.409000 -30.154000 0.000000
81175 40.684000 7.625000 -31.300000 0.000000
81176 40.068000 7.936000 -31.138000 0.000000
82002 36.513000 8.067000 -0.056000 0.000000
82018 36.236000 8.472000 -0.822000 0.000000
82019 35.512000 8.037000 -1.091000 0.000000
82028 35.984000 8.964000 -1.622000 0.000000
82029 35.218000 8.573000 -1.918000 0.000000
82030 34.657000 8.118000 -2.326000 0.000000
82039 34.947000 8.947000 -2.678000 0.000000
82040 34.619000 8.531000 -2.955000 0.000000
82048 34.339000 8.607000 -4.080000 0.000000
82056 34.284000 8.745000 -4.961000 0.000000
82066 34.309000 8.514000 -5.756000 0.000000
82076 34.455000 8.423000 -6.672000 0.000000
82079 34.656000 8.400000 -7.480000 0.000000
82081 35.101000 8.685000 -8.799000 0.000000
82082 34.857000 8.359000 -8.098000 0.000000
82084 35.444000 8.621000 -9.718000 0.000000
82088 36.048000 8.419000 -10.920000 0.000000
82089 35.768000 8.615000 -10.520000 0.000000
82092 36.210000 8.743000 -11.481000 0.000000
82093 35.936000 8.748000 -11.024000 0.000000
82096 37.448000 7.764000 -12.709000 0.000000
82097 36.931000 8.186000 -12.510000 0.000000
82098 36.589000 8.592000 -12.203000 0.000000
82101 37.799000 7.534000 -12.802000 0.000000
82102 36.021000 8.499000 -13.780000 0.000000
82103 36.655000 8.612000 -12.477000 0.000000
82106 37.925000 8.496000 -14.513000 0.000000
82107 36.256000 8.528000 -13.853000 0.000000
82109 37.969000 8.431000 -15.512000 0.000000
82117 37.939000 8.411000 -16.586000 0.000000
82118 37.847000 7.936000 -16.764000 0.000000
82129 37.951000 8.705000 -17.638000 0.000000
82130 37.813000 8.023000 -17.282000 0.000000
82141 37.911000 8.854000 -18.568000 0.000000
82142 37.759000 8.149000 -18.200000 0.000000
82147 37.829000 9.017000 -19.377000 0.000000
82148 37.673000 8.309000 -19.129000 0.000000
82155 37.767000 9.206000 -19.810000 0.000000
82156 37.498000 8.695000 -20.030000 0.000000
82166 37.013000 8.601000 -20.850000 0.000000
82167 36.535000 8.540000 -21.490000 0.000000
82168 36.081000 8.480000 -22.086000 0.000000
82176 35.790000 8.334000 -22.585000 0.000000
82184 35.609000 8.474000 -23.133000 0.000000
82191 35.524000 8.512000 -23.924000 0.000000
82199 35.635000 8.503000 -24.835000 0.000000
82208 36.168000 8.671000 -26.446000 0.000000
82209 35.919000 8.429000 -25.771000 0.000000
82216 36.492000 8.440000 -27.046000 0.000000
82224 38.178000 8.158000 -29.394000 0.000000
82225 36.931000 8.322000 -27.809000 0.000000
82237 38.785000 8.096000 -30.088000 0.000000
82238 38.417000 8.337000 -29.722000 0.000000
82255 39.792000 8.097000 -31.000000 0.000000
82256 39.283000 8.395000 -30.667000 0.000000
82270 40.579000 8.238000 -31.660000 0.000000
82271 40.001000 8.528000 -31.462000 0.000000
82272 39.348000 9.199000 -31.168000 0.000000
82289 40.182000 9.279000 -32.116000 0.000000
83127 35.879000 9.451000 -2.183000 0.000000
83144 35.207000 9.531000 -2.911000 0.000000
83145 34.835000 9.129000 -3.011000 0.000000
83162 34.970000 9.878000 -3.467000 0.000000
83163 34.677000 9.462000 -3.596000 0.000000
83172 34.411000 9.480000 -4.602000 0.000000
83183 34.354000 9.404000 -5.521000 0.000000
83199 34.411000 9.278000 -6.397000 0.000000
83213 34.563000 9.176000 -7.247000 0.000000
83216 35.087000 9.677000 -8.677000 0.000000
83217 34.768000 9.036000 -8.043000 0.000000
83220 35.328000 9.471000 -9.531000 0.000000
83224 35.572000 9.331000 -10.353000 0.000000
83228 36.030000 9.672000 -11.544000 0.000000
83229 35.814000 9.181000 -11.043000 0.000000
83233 36.295000 9.256000 -11.982000 0.000000
83235 35.614000 9.579000 -13.968000 0.000000
83236 36.484000 8.867000 -12.344000 0.000000
83239 37.880000 9.152000 -14.790000 0.000000
83240 35.943000 9.205000 -13.953000 0.000000
83242 37.949000 9.054000 -15.215000 0.000000
83243 37.802000 9.728000 -15.104000 0.000000
83249 37.951000 9.422000 -16.055000 0.000000
83250 37.838000 10.070000 -15.716000 0.000000
83261 38.012000 9.310000 -17.076000 0.000000
83272 38.007000 9.427000 -17.976000 0.000000
83277 37.958000 9.526000 -18.829000 0.000000
83285 37.862000 9.594000 -19.513000 0.000000
83286 37.661000 9.600000 -19.994000 0.000000
83295 37.297000 9.555000 -20.536000 0.000000
83296 36.821000 9.496000 -21.188000 0.000000
83297 36.306000 9.424000 -21.808000 0.000000
83305 35.768000 9.340000 -22.560000 0.000000
83306 35.448000 9.972000 -22.999000 0.000000
83314 35.434000 9.324000 -23.385000 0.000000
83315 35.262000 10.099000 -23.511000 0.000000
83321 35.353000 9.638000 -24.218000 0.000000
83322 35.177000 10.291000 -23.866000 0.000000
83328 35.617000 9.477000 -25.210000 0.000000
83336 36.277000 9.233000 -26.775000 0.000000
83337 35.961000 9.587000 -26.097000 0.000000
83346 36.585000 9.339000 -27.364000 0.000000
83354 38.185000 8.999000 -29.579000 0.000000
83355 38.071000 9.209000 -29.461000 0.000000
83367 38.692000 8.762000 -30.195000 0.000000
83368 38.410000 9.429000 -29.969000 0.000000
83385 38.816000 9.508000 -30.662000 0.000000
83386 38.488000 10.173000 -30.404000 0.000000
83399 39.642000 9.549000 -31.747000 0.000000
83400 39.111000 10.022000 -31.405000 0.000000
83419 39.922000 10.017000 -32.379000 0.000000
84204 36.618000 10.537000 -2.120000 0.000000
84205 36.294000 9.919000 -2.214000 0.000000
84216 36.210000 10.933000 -2.624000 0.000000
84217 35.864000 10.447000 -2.733000 0.000000
84231 35.126000 10.495000 -3.613000 0.000000
84232 34.837000 10.052000 -3.720000 0.000000
84244 34.903000 10.768000 -4.146000 0.000000
84245 34.693000 10.330000 -4.276000 0.000000
84256 34.533000 10.236000 -5.256000 0.000000
84268 34.522000 10.102000 -6.150000 0.000000
84287 34.970000 10.720000 -7.506000 0.000000
84288 34.659000 9.979000 -6.979000 0.000000
84296 35.190000 10.602000 -8.462000 0.000000
84297 34.816000 9.880000 -7.835000 0.000000
84300 35.390000 10.356000 -9.356000 0.000000
84302 35.957000 10.731000 -10.655000 0.000000
84303 35.564000 10.124000 -10.174000 0.000000
84305 36.197000 10.532000 -11.351000 0.000000
84306 35.788000 9.947000 -10.934000 0.000000
84310 36.219000 10.212000 -11.752000 0.000000
84314 35.425000 10.505000 -13.951000 0.000000
84315 35.173000 10.159000 -13.462000 0.000000
84319 35.645000 10.127000 -13.972000 0.000000
84322 37.673000 10.621000 -15.266000 0.000000
84325 37.982000 9.816000 -16.725000 0.000000
84326 37.837000 10.478000 -16.335000 0.000000
84338 37.973000 9.999000 -17.314000 0.000000
84339 37.843000 10.780000 -17.389000 0.000000
84352 37.949000 10.129000 -18.184000 0.000000
84353 37.811000 10.861000 -18.319000 0.000000
84359 37.884000 10.168000 -19.001000 0.000000
84360 37.722000 10.813000 -19.174000 0.000000
84368 37.769000 10.127000 -19.614000 0.000000
84369 37.519000 10.520000 -20.014000 0.000000
84379 37.114000 10.499000 -20.797000 0.000000
84380 36.637000 10.404000 -21.469000 0.000000
84381 36.138000 10.309000 -22.056000 0.000000
84390 35.725000 10.465000 -22.570000 0.000000
84391 35.406000 10.688000 -23.070000 0.000000
84398 35.199000 10.762000 -23.582000 0.000000
84404 35.400000 10.276000 -24.765000 0.000000
84405 35.220000 10.715000 -24.158000 0.000000
84411 35.655000 10.440000 -25.407000 0.000000
84416 36.275000 10.070000 -26.779000 0.000000
84417 35.992000 10.724000 -26.101000 0.000000
84425 36.629000 10.365000 -27.456000 0.000000
84434 38.154000 9.720000 -29.640000 0.000000
84435 38.023000 9.831000 -29.485000 0.000000
84450 38.295000 10.334000 -30.045000 0.000000
84466 38.662000 10.551000 -31.019000 0.000000
84467 38.389000 10.961000 -30.593000 0.000000
84480 39.395000 10.286000 -32.036000 0.000000
84481 38.908000 11.034000 -31.956000 0.000000
84499 39.544000 10.885000 -32.712000 0.000000
84500 39.171000 11.329000 -32.520000 0.000000
85352 36.976000 11.589000 -1.995000 0.000000
85366 36.322000 11.639000 -2.765000 0.000000
85367 36.021000 11.138000 -2.894000 0.000000
85379 36.102000 12.113000 -3.346000 0.000000
85380 35.690000 11.545000 -3.481000 0.000000
85387 35.087000 11.304000 -4.324000 0.000000
85388 34.858000 10.875000 -4.438000 0.000000
85393 35.079000 11.816000 -5.062000 0.000000
85394 34.805000 11.062000 -5.019000 0.000000
85406 35.009000 11.762000 -5.831000 0.000000
85407 34.751000 10.925000 -5.985000 0.000000
85422 35.092000 11.583000 -6.911000 0.000000
85423 34.780000 10.674000 -6.712000 0.000000
85432 35.401000 11.534000 -8.100000 0.000000
85440 36.027000 11.818000 -9.541000 0.000000
85441 35.656000 11.372000 -9.218000 0.000000
85445 36.121000 11.548000 -10.111000 0.000000
85446 35.717000 10.830000 -9.937000 0.000000
85448 36.454000 11.393000 -11.040000 0.000000
85450 36.495000 11.284000 -11.617000 0.000000
85452 35.468000 11.260000 -13.803000 0.000000
85453 35.240000 11.307000 -13.638000 0.000000
85455 37.439000 11.478000 -14.526000 0.000000
85457 37.610000 11.504000 -15.530000 0.000000
85459 37.693000 11.548000 -16.534000 0.000000
85468 37.702000 11.634000 -17.504000 0.000000
85479 37.664000 11.654000 -18.442000 0.000000
85486 37.559000 11.590000 -19.353000 0.000000
85493 37.343000 11.528000 -20.229000 0.000000
85504 36.982000 11.528000 -21.093000 0.000000
85505 36.496000 11.172000 -21.766000 0.000000
85506 36.086000 11.041000 -22.217000 0.000000
85515 36.772000 11.953000 -21.625000 0.000000
85516 36.389000 11.791000 -22.110000 0.000000
85517 35.841000 11.445000 -22.670000 0.000000
85518 35.407000 11.408000 -23.252000 0.000000
85525 35.219000 11.381000 -23.749000 0.000000
85531 35.428000 11.086000 -24.743000 0.000000
85532 35.273000 11.523000 -24.199000 0.000000
85537 35.779000 11.400000 -25.397000 0.000000
85542 36.350000 11.072000 -26.741000 0.000000
85543 36.135000 11.647000 -26.064000 0.000000
85549 36.706000 11.358000 -27.428000 0.000000
85556 38.158000 10.313000 -29.793000 0.000000
85557 36.995000 11.658000 -28.046000 0.000000
85571 38.251000 11.239000 -30.347000 0.000000
85586 38.523000 11.625000 -31.251000 0.000000
85587 38.366000 11.794000 -30.760000 0.000000
85601 38.673000 11.980000 -31.946000 0.000000
85620 39.345000 11.573000 -32.862000 0.000000
85621 39.008000 11.903000 -32.531000 0.000000
85642 39.773000 11.738000 -33.454000 0.000000
85643 39.320000 12.097000 -33.073000 0.000000
86424 37.170000 12.597000 -1.887000 0.000000
86431 36.694000 12.591000 -2.533000 0.000000
86442 36.378000 12.662000 -3.255000 0.000000
86443 36.019000 12.602000 -3.890000 0.000000
86456 35.498000 12.365000 -4.649000 0.000000
86469 35.308000 12.378000 -5.536000 0.000000
86484 35.443000 12.537000 -6.433000 0.000000
86497 36.278000 13.179000 -8.063000 0.000000
86498 35.817000 12.634000 -7.683000 0.000000
86505 36.340000 12.903000 -8.554000 0.000000
86506 35.914000 12.151000 -8.731000 0.000000
86514 36.379000 12.424000 -9.502000 0.000000
86515 35.987000 11.941000 -9.259000 0.000000
86522 36.683000 12.322000 -10.587000 0.000000
86524 36.826000 12.177000 -11.401000 0.000000
86526 35.735000 12.926000 -13.273000 0.000000
86527 36.810000 12.115000 -11.708000 0.000000
86529 35.659000 12.390000 -13.374000 0.000000
86530 35.405000 11.892000 -13.653000 0.000000
86532 37.466000 12.442000 -14.777000 0.000000
86534 37.575000 12.408000 -15.772000 0.000000
86536 37.615000 12.436000 -16.695000 0.000000
86544 37.616000 12.506000 -17.624000 0.000000
86555 37.575000 12.531000 -18.576000 0.000000
86562 37.478000 12.526000 -19.511000 0.000000
86568 37.309000 12.539000 -20.405000 0.000000
86579 37.095000 12.629000 -21.202000 0.000000
86588 36.804000 12.657000 -21.902000 0.000000
86589 36.355000 12.458000 -22.540000 0.000000
86590 35.826000 12.210000 -23.154000 0.000000
86591 35.406000 11.869000 -23.526000 0.000000
86599 35.643000 12.294000 -23.760000 0.000000
86600 35.328000 11.869000 -23.954000 0.000000
86607 35.608000 12.020000 -24.509000 0.000000
86608 35.310000 11.860000 -24.192000 0.000000
86613 36.778000 13.145000 -25.829000 0.000000
86614 36.583000 12.861000 -25.796000 0.000000
86615 36.135000 12.305000 -25.510000 0.000000
86621 36.822000 13.034000 -26.221000 0.000000
86622 36.524000 12.154000 -26.511000 0.000000
86623 36.230000 12.066000 -26.040000 0.000000
86630 36.978000 12.828000 -27.137000 0.000000
86631 36.894000 12.087000 -27.583000 0.000000
86637 37.210000 12.434000 -28.301000 0.000000
86638 37.017000 12.063000 -27.995000 0.000000
86651 37.519000 12.997000 -29.352000 0.000000
86663 38.371000 12.377000 -31.088000 0.000000
86664 38.217000 12.718000 -30.839000 0.000000
86675 38.414000 12.691000 -31.635000 0.000000
86676 38.248000 13.037000 -31.206000 0.000000
86696 38.663000 12.724000 -32.401000 0.000000
86713 39.432000 12.653000 -33.535000 0.000000
86714 39.032000 12.681000 -33.013000 0.000000
86732 39.979000 12.678000 -34.211000 0.000000
87467 37.239000 13.534000 -1.694000 0.000000
87473 36.800000 13.531000 -2.285000 0.000000
87479 36.519000 13.547000 -3.022000 0.000000
87480 36.288000 13.554000 -3.832000 0.000000
87495 35.959000 13.435000 -4.682000 0.000000
87508 35.692000 13.250000 -5.707000 0.000000
87518 35.898000 13.451000 -6.884000 0.000000
87529 36.491000 13.622000 -8.349000 0.000000
87530 36.211000 13.574000 -7.732000 0.000000
87535 36.720000 13.511000 -9.107000 0.000000
87540 36.876000 13.361000 -10.078000 0.000000
87547 37.052000 13.206000 -10.969000 0.000000
87553 36.329000 13.931000 -12.619000 0.000000
87554 37.113000 12.908000 -11.504000 0.000000
87559 35.917000 13.454000 -13.066000 0.000000
87560 35.994000 13.229000 -12.999000 0.000000
87562 37.434000 13.435000 -14.167000 0.000000
87564 37.553000 13.311000 -15.209000 0.000000
87566 37.591000 13.129000 -16.050000 0.000000
87568 37.618000 13.320000 -16.825000 0.000000
87570 37.614000 13.423000 -17.787000 0.000000
87579 37.572000 13.479000 -18.753000 0.000000
87587 37.487000 13.512000 -19.700000 0.000000
87592 37.359000 13.552000 -20.614000 0.000000
87601 37.175000 13.585000 -21.499000 0.000000
87609 36.894000 13.545000 -22.452000 0.000000
87610 36.399000 13.037000 -23.112000 0.000000
87611 36.033000 12.757000 -23.547000 0.000000
87619 36.849000 13.847000 -23.396000 0.000000
87620 36.429000 13.275000 -23.820000 0.000000
87621 36.007000 12.755000 -24.146000 0.000000
87628 36.842000 13.872000 -24.336000 0.000000
87629 36.427000 13.208000 -24.620000 0.000000
87630 36.087000 12.694000 -24.850000 0.000000
87638 36.839000 13.548000 -25.492000 0.000000
87639 36.362000 12.916000 -25.232000 0.000000
87640 36.162000 12.689000 -25.188000 0.000000
87645 37.109000 13.682000 -26.575000 0.000000
87651 37.261000 13.605000 -27.615000 0.000000
87655 37.411000 13.640000 -28.608000 0.000000
87667 37.531000 13.813000 -29.329000 0.000000
87679 37.981000 14.050000 -30.844000 0.000000
87688 38.145000 13.602000 -31.573000 0.000000
87689 38.058000 13.798000 -31.116000 0.000000
87707 38.299000 13.519000 -32.181000 0.000000
87722 39.104000 13.136000 -33.445000 0.000000
87723 38.634000 13.621000 -33.151000 0.000000
87739 39.257000 13.594000 -34.123000 0.000000
87740 38.729000 14.230000 -33.952000 0.000000
87760 39.962000 13.585000 -34.914000 0.000000
88451 37.387000 14.402000 -1.450000 0.000000
88457 36.792000 14.459000 -1.944000 0.000000
88469 36.521000 14.454000 -2.696000 0.000000
88470 36.295000 14.496000 -3.484000 0.000000
88484 35.882000 14.615000 -4.401000 0.000000
88494 35.584000 14.318000 -5.362000 0.000000
88505 35.599000 14.341000 -6.405000 0.000000
88516 36.329000 14.152000 -8.087000 0.000000
88517 35.944000 14.452000 -7.503000 0.000000
88521 36.590000 14.432000 -8.691000 0.000000
88522 36.234000 14.705000 -8.208000 0.000000
88527 36.796000 14.424000 -9.621000 0.000000
88532 36.969000 14.320000 -10.511000 0.000000
88537 36.561000 14.711000 -12.368000 0.000000
88538 37.171000 14.207000 -11.101000 0.000000
88544 36.235000 14.387000 -12.617000 0.000000
88547 37.489000 14.479000 -13.730000 0.000000
88550 37.628000 14.280000 -14.773000 0.000000
88556 37.680000 14.079000 -15.931000 0.000000
88562 37.714000 14.256000 -17.038000 0.000000
88568 37.701000 14.390000 -18.025000 0.000000
88579 37.640000 14.475000 -18.995000 0.000000
88590 37.542000 14.514000 -19.953000 0.000000
88599 37.430000 14.578000 -20.913000 0.000000
88608 37.296000 14.604000 -21.911000 0.000000
88616 37.198000 14.636000 -22.912000 0.000000
88625 37.169000 14.682000 -23.900000 0.000000
88632 37.175000 14.623000 -24.931000 0.000000
88640 37.243000 14.571000 -25.994000 0.000000
88645 37.345000 14.565000 -27.038000 0.000000
88651 37.431000 14.551000 -28.056000 0.000000
88656 37.521000 14.523000 -28.993000 0.000000
88667 37.776000 14.922000 -30.703000 0.000000
88679 37.759000 14.799000 -30.925000 0.000000
88690 38.048000 14.042000 -31.929000 0.000000
88691 37.798000 14.590000 -31.589000 0.000000
88712 38.042000 14.544000 -32.457000 0.000000
88713 37.712000 14.982000 -32.045000 0.000000
88732 38.346000 14.768000 -33.497000 0.000000
88750 39.015000 14.355000 -34.428000 0.000000
88751 38.720000 14.954000 -34.407000 0.000000
88767 40.106000 14.099000 -35.491000 0.000000
88768 39.439000 14.679000 -35.188000 0.000000
88769 38.953000 15.254000 -34.896000 0.000000
88790 40.468000 14.638000 -36.260000 0.000000
88791 39.829000 15.155000 -35.985000 0.000000
88801 41.147000 15.010000 -37.019000 0.000000
88802 40.701000 15.169000 -36.842000 0.000000
89432 37.032000 15.371000 -1.611000 0.000000
89445 36.532000 15.491000 -2.392000 0.000000
89446 36.287000 15.911000 -3.069000 0.000000
89460 36.337000 15.193000 -3.089000 0.000000
89461 35.959000 15.590000 -3.735000 0.000000
89471 35.464000 15.661000 -4.470000 0.000000
89472 35.119000 15.852000 -4.870000 0.000000
89482 35.317000 15.219000 -5.072000 0.000000
89483 34.898000 15.849000 -5.429000 0.000000
89493 35.129000 15.138000 -5.933000 0.000000
89494 34.784000 15.963000 -6.262000 0.000000
89503 35.244000 15.494000 -7.079000 0.000000
89504 34.844000 16.186000 -6.855000 0.000000
89509 36.352000 15.038000 -8.542000 0.000000
89510 35.897000 15.486000 -8.204000 0.000000
89515 36.435000 15.451000 -9.164000 0.000000
89516 35.996000 16.050000 -8.847000 0.000000
89521 36.612000 15.287000 -10.112000 0.000000
89527 36.772000 15.070000 -10.994000 0.000000
89528 36.753000 15.192000 -10.760000 0.000000
89534 36.335000 15.237000 -12.282000 0.000000
89536 37.720000 16.258000 -13.676000 0.000000
89537 37.516000 15.657000 -13.351000 0.000000
89541 37.839000 16.078000 -14.150000 0.000000
89542 37.742000 15.247000 -14.380000 0.000000
89547 37.981000 15.939000 -14.995000 0.000000
89548 37.842000 15.085000 -15.390000 0.000000
89550 38.065000 15.880000 -15.923000 0.000000
89551 37.880000 15.067000 -16.406000 0.000000
89553 38.091000 15.885000 -16.823000 0.000000
89554 37.882000 15.176000 -17.359000 0.000000
89561 38.070000 15.935000 -17.566000 0.000000
89562 37.877000 15.477000 -18.308000 0.000000
89570 37.735000 15.452000 -19.315000 0.000000
89579 37.620000 15.520000 -20.239000 0.000000
89588 37.524000 15.732000 -21.286000 0.000000
89597 37.419000 15.607000 -22.417000 0.000000
89606 37.375000 15.584000 -23.440000 0.000000
89613 37.365000 15.570000 -24.452000 0.000000
89620 37.382000 15.544000 -25.477000 0.000000
89625 37.420000 15.530000 -26.506000 0.000000
89630 37.468000 15.529000 -27.536000 0.000000
89635 37.939000 16.874000 -29.883000 0.000000
89648 37.748000 16.010000 -30.481000 0.000000
89671 37.579000 15.640000 -31.086000 0.000000
89690 37.744000 15.961000 -32.314000 0.000000
89691 37.586000 15.604000 -31.789000 0.000000
89712 38.011000 15.647000 -32.952000 0.000000
89713 37.760000 15.332000 -32.326000 0.000000
89729 38.368000 15.734000 -33.916000 0.000000
89744 38.714000 15.790000 -34.719000 0.000000
89757 39.444000 15.775000 -35.865000 0.000000
89758 39.066000 15.606000 -35.226000 0.000000
89779 40.479000 15.282000 -36.753000 0.000000
89780 40.046000 15.568000 -36.583000 0.000000
89791 41.628000 15.461000 -37.630000 0.000000
89792 40.708000 15.767000 -37.328000 0.000000
89793 40.077000 16.071000 -37.049000 0.000000
89801 41.413000 16.112000 -37.975000 0.000000
89802 40.980000 16.239000 -37.830000 0.000000
90484 36.390000 16.586000 -2.620000 0.000000
90485 35.917000 16.627000 -3.310000 0.000000
90496 35.291000 16.576000 -4.101000 0.000000
90497 34.880000 17.044000 -4.491000 0.000000
90507 35.188000 16.138000 -4.577000 0.000000
90508 34.901000 16.499000 -4.858000 0.000000
90516 34.665000 16.673000 -5.676000 0.000000
90522 34.662000 16.751000 -6.549000 0.000000
90528 35.420000 16.073000 -7.795000 0.000000
90529 34.957000 16.649000 -7.472000 0.000000
90534 35.487000 16.585000 -8.474000 0.000000
90535 35.079000 17.074000 -8.071000 0.000000
90542 36.402000 15.924000 -9.842000 0.000000
90543 35.955000 16.451000 -9.542000 0.000000
90550 36.319000 16.158000 -10.358000 0.000000
90551 35.901000 16.675000 -10.122000 0.000000
90558 36.299000 15.681000 -12.095000 0.000000
90559 36.399000 15.665000 -10.733000 0.000000
90566 36.218000 15.903000 -12.036000 0.000000
90567 36.014000 16.250000 -11.911000 0.000000
90570 37.798000 16.734000 -13.951000 0.000000
90571 37.519000 16.636000 -13.355000 0.000000
90576 38.005000 16.723000 -14.666000 0.000000
90582 38.173000 16.678000 -15.523000 0.000000
90587 38.275000 16.645000 -16.407000 0.000000
90592 38.291000 16.613000 -17.250000 0.000000
90599 38.187000 16.521000 -18.081000 0.000000
90600 37.993000 16.350000 -18.873000 0.000000
90602 37.839000 16.332000 -19.610000 0.000000
90608 37.731000 16.496000 -20.420000 0.000000
90617 37.652000 16.738000 -21.150000 0.000000
90625 37.557000 16.600000 -21.970000 0.000000
90634 37.494000 16.548000 -22.972000 0.000000
90643 37.466000 16.530000 -23.984000 0.000000
90652 37.461000 16.520000 -24.995000 0.000000
90658 37.470000 16.514000 -26.008000 0.000000
90666 37.489000 16.517000 -27.025000 0.000000
90675 38.048000 17.542000 -29.494000 0.000000
90688 37.991000 17.213000 -29.970000 0.000000
90712 37.586000 16.946000 -31.214000 0.000000
90713 37.707000 16.751000 -30.710000 0.000000
90727 37.634000 16.626000 -31.840000 0.000000
90728 37.503000 16.299000 -31.304000 0.000000
90742 37.887000 16.628000 -32.619000 0.000000
90757 38.166000 16.605000 -33.454000 0.000000
90772 38.493000 16.649000 -34.381000 0.000000
90785 39.323000 16.423000 -35.988000 0.000000
90786 38.953000 16.548000 -35.409000 0.000000
90799 39.631000 16.474000 -36.613000 0.000000
90800 39.275000 16.862000 -36.093000 0.000000
90810 40.690000 16.410000 -37.804000 0.000000
90811 40.168000 16.608000 -37.483000 0.000000
90821 41.068000 16.596000 -38.295000 0.000000
90822 40.523000 16.815000 -38.112000 0.000000
91519 36.103000 17.533000 -2.817000 0.000000
91526 35.480000 17.561000 -3.439000 0.000000
91527 34.912000 17.654000 -4.102000 0.000000
91535 34.648000 17.531000 -4.983000 0.000000
91541 34.526000 17.591000 -6.011000 0.000000
91548 34.585000 17.563000 -6.943000 0.000000
91555 34.795000 17.534000 -7.750000 0.000000
91561 35.454000 17.156000 -9.201000 0.000000
91562 35.092000 17.381000 -8.458000 0.000000
91569 35.617000 16.963000 -9.851000 0.000000
91576 36.131000 16.245000 -10.541000 0.000000
91577 35.807000 16.711000 -10.353000 0.000000
91584 35.765000 16.593000 -11.684000 0.000000
91585 35.292000 17.070000 -11.414000 0.000000
91594 37.153000 17.460000 -13.118000 0.000000
91595 36.826000 17.314000 -12.461000 0.000000
91602 37.820000 17.504000 -14.351000 0.000000
91603 37.573000 17.282000 -13.696000 0.000000
91606 38.112000 17.469000 -15.183000 0.000000
91609 38.333000 17.463000 -16.061000 0.000000
91611 38.687000 18.049000 -17.457000 0.000000
91612 38.480000 17.392000 -16.914000 0.000000
91614 38.686000 18.009000 -18.228000 0.000000
91615 38.486000 17.328000 -17.758000 0.000000
91617 38.650000 18.013000 -18.681000 0.000000
91618 38.347000 17.410000 -18.815000 0.000000
91619 38.042000 16.851000 -19.222000 0.000000
91620 38.262000 17.597000 -19.343000 0.000000
91621 38.051000 17.249000 -19.700000 0.000000
91626 37.856000 17.345000 -20.606000 0.000000
91635 37.734000 17.481000 -21.494000 0.000000
91647 37.612000 17.500000 -22.495000 0.000000
91656 37.539000 17.504000 -23.518000 0.000000
91665 37.506000 17.505000 -24.534000 0.000000
91675 37.496000 17.504000 -25.543000 0.000000
91684 37.499000 17.504000 -26.549000 0.000000
91692 38.139000 18.328000 -29.112000 0.000000
91698 38.132000 17.988000 -29.462000 0.000000
91707 38.087000 17.857000 -29.846000 0.000000
91734 37.756000 17.512000 -30.871000 0.000000
91735 37.928000 17.604000 -30.294000 0.000000
91749 37.708000 17.471000 -31.474000 0.000000
91764 37.839000 17.429000 -32.163000 0.000000
91776 38.058000 17.446000 -32.957000 0.000000
91790 38.308000 17.514000 -33.844000 0.000000
91804 38.591000 17.700000 -34.905000 0.000000
91815 39.337000 17.194000 -36.538000 0.000000
91816 38.993000 17.572000 -36.025000 0.000000
91824 39.559000 17.319000 -37.227000 0.000000
91825 39.217000 17.684000 -36.754000 0.000000
91835 41.385000 17.062000 -38.804000 0.000000
91836 40.766000 17.167000 -38.634000 0.000000
91837 40.067000 17.424000 -38.196000 0.000000
91847 41.196000 17.556000 -39.208000 0.000000
91848 40.501000 17.719000 -38.973000 0.000000
92544 35.206000 18.585000 -3.565000 0.000000
92551 34.656000 18.785000 -4.373000 0.000000
92558 34.397000 18.586000 -5.444000 0.000000
92565 34.365000 18.500000 -6.422000 0.000000
92572 34.461000 18.361000 -7.267000 0.000000
92579 35.132000 17.555000 -8.888000 0.000000
92580 34.674000 17.987000 -8.019000 0.000000
92587 35.395000 17.301000 -9.558000 0.000000
92588 34.318000 18.342000 -9.616000 0.000000
92596 35.494000 17.044000 -9.985000 0.000000
92597 34.351000 18.256000 -10.334000 0.000000
92605 36.190000 18.145000 -12.001000 0.000000
92606 34.944000 17.646000 -11.053000 0.000000
92615 36.986000 18.135000 -13.341000 0.000000
92616 36.554000 18.256000 -12.794000 0.000000
92617 36.058000 18.718000 -12.344000 0.000000
92624 37.682000 18.101000 -14.425000 0.000000
92625 37.355000 18.091000 -13.918000 0.000000
92626 36.832000 18.699000 -13.716000 0.000000
92628 37.886000 18.131000 -14.923000 0.000000
92629 37.504000 18.646000 -14.731000 0.000000
92630 37.095000 18.861000 -14.326000 0.000000
92632 38.146000 18.328000 -15.797000 0.000000
92633 37.800000 18.705000 -15.349000 0.000000
92635 38.752000 18.644000 -17.387000 0.000000
92636 38.513000 18.289000 -16.737000 0.000000
92638 38.837000 18.667000 -18.029000 0.000000
92639 38.789000 18.609000 -18.927000 0.000000
92640 38.582000 18.032000 -18.965000 0.000000
92641 38.791000 19.002000 -19.898000 0.000000
92642 38.393000 18.086000 -19.632000 0.000000
92643 38.072000 17.754000 -20.159000 0.000000
92644 38.760000 19.200000 -20.396000 0.000000
92645 38.496000 18.789000 -20.374000 0.000000
92646 38.093000 18.257000 -20.809000 0.000000
92650 37.839000 18.386000 -21.990000 0.000000
92660 37.666000 18.453000 -23.064000 0.000000
92670 37.570000 18.488000 -24.107000 0.000000
92677 37.523000 18.498000 -25.131000 0.000000
92690 37.506000 18.498000 -26.140000 0.000000
92699 38.104000 19.202000 -28.860000 0.000000
92706 38.181000 18.810000 -29.151000 0.000000
92712 38.165000 18.459000 -29.624000 0.000000
92721 38.088000 18.135000 -30.037000 0.000000
92748 37.873000 18.123000 -31.166000 0.000000
92749 37.982000 18.168000 -30.552000 0.000000
92756 37.876000 18.113000 -31.741000 0.000000
92765 38.023000 18.180000 -32.442000 0.000000
92773 38.200000 18.257000 -33.254000 0.000000
92780 38.390000 18.415000 -34.112000 0.000000
92787 38.506000 18.664000 -34.850000 0.000000
92798 38.647000 18.523000 -35.671000 0.000000
92807 39.257000 17.861000 -37.152000 0.000000
92808 38.918000 18.410000 -36.843000 0.000000
92815 39.351000 18.003000 -37.772000 0.000000
92816 38.970000 18.802000 -37.975000 0.000000
92826 40.855000 18.176000 -39.592000 0.000000
92827 39.780000 18.447000 -39.001000 0.000000
92828 39.052000 19.144000 -38.734000 0.000000
92837 40.598000 18.891000 -39.992000 0.000000
92838 39.913000 19.202000 -39.759000 0.000000
93630 34.634000 19.874000 -4.156000 0.000000
93638 34.319000 19.748000 -4.956000 0.000000
93639 34.042000 20.210000 -5.546000 0.000000
93645 34.136000 19.439000 -5.907000 0.000000
93646 33.847000 20.241000 -6.178000 0.000000
93653 34.043000 19.426000 -6.768000 0.000000
93654 33.696000 20.514000 -6.748000 0.000000
93661 34.229000 18.967000 -7.359000 0.000000
93662 33.768000 19.985000 -7.056000 0.000000
93667 34.180000 18.894000 -9.040000 0.000000
93668 33.798000 19.770000 -8.403000 0.000000
93675 34.483000 18.248000 -10.599000 0.000000
93676 34.325000 18.524000 -10.014000 0.000000
93683 34.689000 18.030000 -10.865000 0.000000
93684 34.941000 19.811000 -11.089000 0.000000
93695 36.111000 19.115000 -12.925000 0.000000
93696 35.700000 19.518000 -12.513000 0.000000
93705 36.365000 19.236000 -13.581000 0.000000
93706 35.949000 19.836000 -13.478000 0.000000
93709 37.123000 19.263000 -14.907000 0.000000
93710 36.640000 19.592000 -14.540000 0.000000
93711 36.191000 19.923000 -14.138000 0.000000
93714 37.877000 19.060000 -15.947000 0.000000
93715 37.453000 19.333000 -15.562000 0.000000
93716 36.948000 19.901000 -15.506000 0.000000
93718 38.597000 19.004000 -17.194000 0.000000
93719 38.214000 19.153000 -16.679000 0.000000
93720 37.674000 19.773000 -16.520000 0.000000
93721 37.234000 20.003000 -16.144000 0.000000
93725 38.777000 19.224000 -17.814000 0.000000
93726 38.449000 19.712000 -17.609000 0.000000
93727 38.026000 19.910000 -17.196000 0.000000
93729 38.921000 19.493000 -18.693000 0.000000
93730 38.734000 19.834000 -18.265000 0.000000
93731 39.032000 19.583000 -19.646000 0.000000
93734 39.329000 20.223000 -21.055000 0.000000
93735 39.043000 19.752000 -20.602000 0.000000
93736 38.597000 19.265000 -20.817000 0.000000
93737 38.334000 18.892000 -20.857000 0.000000
93742 39.298000 20.369000 -21.324000 0.000000
93743 39.070000 20.136000 -21.290000 0.000000
93744 38.688000 19.720000 -21.277000 0.000000
93745 38.245000 19.211000 -21.527000 0.000000
93753 37.920000 19.335000 -22.641000 0.000000
93765 37.717000 19.458000 -23.732000 0.000000
93774 37.589000 19.489000 -24.795000 0.000000
93787 37.527000 19.495000 -25.823000 0.000000
93794 37.905000 20.082000 -28.722000 0.000000
93802 38.014000 19.741000 -28.978000 0.000000
93810 38.108000 19.376000 -29.511000 0.000000
93820 38.128000 18.840000 -30.118000 0.000000
93845 37.950000 18.525000 -31.444000 0.000000
93846 38.077000 19.012000 -31.031000 0.000000
93866 38.073000 18.916000 -31.923000 0.000000
93867 38.080000 19.486000 -31.599000 0.000000
93874 38.155000 18.893000 -32.729000 0.000000
93880 38.308000 19.064000 -33.500000 0.000000
93886 38.441000 19.274000 -34.334000 0.000000
93893 38.481000 19.379000 -35.206000 0.000000
93899 38.521000 19.374000 -36.166000 0.000000
93909 38.554000 19.433000 -37.185000 0.000000
93915 38.578000 19.582000 -38.141000 0.000000
93922 39.377000 19.262000 -39.322000 0.000000
93923 38.728000 19.765000 -39.094000 0.000000
93931 40.387000 19.675000 -40.418000 0.000000
93932 39.437000 19.798000 -39.933000 0.000000
93933 38.763000 20.274000 -39.708000 0.000000
93943 40.444000 20.289000 -40.873000 0.000000
94696 34.541000 20.660000 -4.336000 0.000000
94706 34.203000 20.777000 -5.005000 0.000000
94707 33.881000 20.932000 -5.644000 0.000000
94717 33.674000 21.081000 -6.283000 0.000000
94727 33.549000 21.304000 -6.749000 0.000000
94736 33.499000 21.176000 -7.033000 0.000000
94744 34.187000 20.090000 -9.309000 0.000000
94745 33.332000 20.872000 -8.245000 0.000000
94753 34.289000 20.361000 -9.944000 0.000000
94754 34.008000 21.119000 -9.828000 0.000000
94761 34.992000 20.198000 -11.641000 0.000000
94762 34.612000 20.592000 -11.121000 0.000000
94772 35.212000 20.403000 -12.377000 0.000000
94773 34.888000 20.734000 -11.968000 0.000000
94781 35.542000 20.575000 -13.361000 0.000000
94784 36.229000 20.321000 -14.743000 0.000000
94785 35.887000 20.685000 -14.362000 0.000000
94789 36.462000 20.595000 -15.513000 0.000000
94790 36.097000 20.891000 -15.142000 0.000000
94794 37.297000 20.382000 -16.743000 0.000000
94795 36.894000 20.695000 -16.419000 0.000000
94800 38.113000 20.323000 -17.792000 0.000000
94801 37.631000 20.621000 -17.475000 0.000000
94802 37.169000 20.908000 -17.151000 0.000000
94804 38.822000 20.194000 -18.848000 0.000000
94805 38.440000 20.549000 -18.534000 0.000000
94806 37.977000 20.860000 -18.211000 0.000000
94808 39.013000 20.345000 -19.597000 0.000000
94809 38.742000 20.736000 -19.280000 0.000000
94813 39.395000 20.360000 -20.855000 0.000000
94814 39.235000 20.293000 -20.342000 0.000000
94819 39.377000 20.535000 -21.241000 0.000000
94820 39.052000 20.626000 -21.718000 0.000000
94821 38.682000 20.172000 -21.798000 0.000000
94822 38.450000 19.776000 -21.703000 0.000000
94829 38.865000 21.000000 -22.159000 0.000000
94830 38.513000 20.801000 -22.570000 0.000000
94831 38.277000 19.967000 -22.260000 0.000000
94841 38.199000 21.007000 -23.291000 0.000000
94842 38.021000 20.462000 -23.373000 0.000000
94852 37.733000 20.482000 -24.535000 0.000000
94862 37.585000 20.493000 -25.599000 0.000000
94871 37.805000 20.822000 -28.642000 0.000000
94879 37.838000 20.692000 -28.863000 0.000000
94888 37.908000 20.444000 -29.405000 0.000000
94898 38.026000 20.060000 -30.305000 0.000000
94913 38.052000 20.133000 -31.367000 0.000000
94938 38.157000 19.319000 -32.421000 0.000000
94939 38.153000 19.866000 -32.186000 0.000000
94961 38.245000 19.595000 -32.911000 0.000000
94962 38.153000 20.467000 -33.041000 0.000000
94969 38.387000 19.920000 -33.715000 0.000000
94970 38.161000 20.823000 -33.980000 0.000000
94976 38.389000 20.133000 -34.627000 0.000000
94977 38.103000 20.996000 -34.950000 0.000000
94984 38.341000 20.213000 -35.565000 0.000000
94985 38.039000 21.018000 -35.924000 0.000000
94990 38.281000 20.216000 -36.519000 0.000000
94991 37.841000 20.911000 -36.832000 0.000000
94999 38.223000 20.222000 -37.450000 0.000000
95000 37.762000 20.850000 -37.708000 0.000000
95007 38.202000 20.278000 -38.341000 0.000000
95008 37.785000 20.863000 -38.491000 0.000000
95015 38.231000 20.484000 -39.135000 0.000000
95022 39.882000 20.201000 -40.534000 0.000000
95023 39.204000 20.507000 -40.317000 0.000000
95034 39.896000 20.806000 -40.988000 0.000000
95035 38.966000 21.125000 -40.649000 0.000000
95763 34.525000 21.528000 -4.492000 0.000000
95773 34.115000 21.658000 -5.101000 0.000000
95774 33.768000 21.761000 -5.760000 0.000000
95784 33.547000 21.886000 -6.398000 0.000000
95794 33.422000 22.004000 -6.930000 0.000000
95804 33.350000 22.274000 -7.239000 0.000000
95813 33.017000 21.948000 -8.475000 0.000000
95821 34.200000 21.072000 -10.502000 0.000000
95822 33.927000 21.842000 -10.251000 0.000000
95831 34.253000 21.538000 -11.135000 0.000000
95832 33.997000 22.204000 -10.971000 0.000000
95845 34.963000 20.995000 -12.416000 0.000000
95846 34.637000 21.507000 -12.111000 0.000000
95860 35.088000 21.367000 -13.069000 0.000000
95861 34.749000 22.158000 -12.966000 0.000000
95873 35.459000 21.701000 -14.283000 0.000000
95875 36.168000 21.306000 -15.721000 0.000000
95876 35.868000 21.651000 -15.308000 0.000000
95878 36.441000 21.583000 -16.480000 0.000000
95879 36.094000 21.911000 -16.085000 0.000000
95882 37.273000 21.314000 -17.721000 0.000000
95883 36.891000 21.623000 -17.361000 0.000000
95886 38.086000 21.259000 -18.803000 0.000000
95887 37.620000 21.599000 -18.473000 0.000000
95888 37.171000 21.904000 -18.100000 0.000000
95890 38.829000 21.072000 -19.920000 0.000000
95891 38.402000 21.493000 -19.584000 0.000000
95892 37.969000 21.825000 -19.228000 0.000000
95894 39.361000 20.671000 -20.852000 0.000000
95895 39.081000 20.993000 -20.594000 0.000000
95896 38.681000 21.742000 -20.598000 0.000000
95898 39.437000 20.650000 -21.087000 0.000000
95899 39.179000 20.984000 -21.412000 0.000000
95900 38.826000 21.747000 -21.481000 0.000000
95906 39.012000 21.039000 -21.927000 0.000000
95907 38.727000 21.545000 -22.373000 0.000000
95914 38.249000 21.638000 -23.552000 0.000000
95915 38.082000 21.142000 -23.647000 0.000000
95923 38.061000 21.965000 -24.255000 0.000000
95924 37.942000 21.481000 -24.346000 0.000000
95932 37.692000 21.499000 -25.443000 0.000000
95940 37.541000 21.489000 -26.486000 0.000000
95949 37.666000 21.672000 -28.846000 0.000000
95958 37.674000 21.512000 -29.251000 0.000000
95965 37.713000 21.362000 -30.030000 0.000000
95978 37.716000 21.218000 -31.058000 0.000000
95992 37.884000 21.067000 -32.229000 0.000000
96014 37.804000 21.354000 -33.322000 0.000000
96022 37.505000 21.688000 -34.263000 0.000000
96023 36.969000 22.163000 -34.333000 0.000000
96029 37.494000 21.630000 -35.335000 0.000000
96030 36.938000 22.131000 -34.888000 0.000000
96038 37.407000 21.601000 -36.263000 0.000000
96039 36.828000 22.124000 -35.719000 0.000000
96045 37.284000 21.534000 -37.161000 0.000000
96046 36.664000 22.049000 -36.574000 0.000000
96053 37.255000 21.356000 -37.992000 0.000000
96854 34.962000 22.137000 -4.145000 0.000000
96868 34.631000 22.493000 -4.626000 0.000000
96882 34.111000 22.513000 -5.279000 0.000000
96883 33.744000 22.611000 -5.911000 0.000000
96897 33.513000 22.735000 -6.570000 0.000000
96911 33.385000 22.911000 -7.137000 0.000000
96926 33.303000 23.246000 -7.463000 0.000000
96941 32.912000 22.830000 -8.660000 0.000000
96955 33.749000 22.749000 -10.373000 0.000000
96967 34.217000 22.135000 -11.608000 0.000000
96968 33.927000 22.899000 -11.311000 0.000000
96978 34.327000 22.671000 -12.324000 0.000000
96979 33.983000 23.393000 -11.945000 0.000000
96988 35.029000 22.331000 -13.772000 0.000000
96989 34.644000 23.051000 -13.393000 0.000000
97003 35.239000 22.801000 -14.618000 0.000000
97004 34.956000 23.066000 -14.137000 0.000000
97016 35.579000 22.630000 -15.339000 0.000000
97022 36.189000 22.536000 -16.729000 0.000000
97023 35.894000 22.566000 -16.090000 0.000000
97025 36.542000 22.534000 -17.435000 0.000000
97028 37.260000 22.523000 -18.744000 0.000000
97029 36.908000 22.527000 -18.141000 0.000000
97032 38.056000 22.238000 -19.804000 0.000000
97033 37.676000 22.566000 -19.466000 0.000000
97035 38.258000 22.507000 -20.543000 0.000000
97036 37.935000 22.814000 -20.182000 0.000000
97039 38.486000 22.592000 -21.466000 0.000000
97043 38.539000 22.582000 -22.393000 0.000000
97050 38.380000 22.575000 -23.381000 0.000000
97058 38.095000 22.640000 -24.436000 0.000000
97059 37.978000 22.149000 -24.605000 0.000000
97068 37.956000 23.108000 -25.099000 0.000000
97069 37.836000 22.558000 -25.298000 0.000000
97078 37.589000 22.496000 -26.379000 0.000000
97085 37.522000 22.870000 -28.840000 0.000000
97093 37.516000 22.589000 -29.134000 0.000000
97101 37.422000 22.411000 -29.753000 0.000000
97113 37.213000 22.493000 -30.741000 0.000000
97114 36.732000 23.206000 -31.114000 0.000000
97131 37.306000 22.133000 -31.886000 0.000000
97132 36.684000 22.935000 -31.689000 0.000000
97158 37.361000 21.964000 -32.908000 0.000000
97159 36.486000 22.795000 -32.750000 0.000000
97160 35.810000 23.116000 -33.157000 0.000000
97185 37.414000 21.839000 -33.553000 0.000000
97186 36.894000 22.257000 -33.719000 0.000000
97187 35.932000 22.755000 -33.756000 0.000000
97188 34.938000 22.775000 -33.951000 0.000000
97195 36.409000 22.345000 -34.421000 0.000000
97196 35.558000 22.400000 -34.565000 0.000000
97203 36.175000 22.284000 -35.177000 0.000000
97209 36.015000 22.278000 -35.975000 0.000000
98002 35.224000 23.396000 -4.623000 0.000000
98003 34.562000 23.251000 -4.975000 0.000000
98020 34.171000 23.329000 -5.466000 0.000000
98021 33.798000 23.528000 -6.051000 0.000000
98035 33.536000 23.665000 -6.760000 0.000000
98050 33.390000 23.878000 -7.369000 0.000000
98068 33.218000 24.207000 -7.723000 0.000000
98085 32.950000 23.564000 -8.716000 0.000000
98099 33.604000 23.563000 -10.491000 0.000000
98111 33.710000 23.787000 -11.279000 0.000000
98123 34.158000 23.777000 -12.715000 0.000000
98124 33.837000 24.011000 -11.959000 0.000000
98135 34.465000 23.894000 -13.545000 0.000000
98143 35.033000 23.619000 -14.667000 0.000000
98144 34.767000 23.690000 -14.103000 0.000000
98156 35.324000 23.616000 -15.362000 0.000000
98168 35.987000 23.196000 -16.721000 0.000000
98169 35.692000 23.566000 -16.233000 0.000000
98177 36.237000 23.505000 -17.455000 0.000000
98178 35.934000 23.863000 -16.997000 0.000000
98180 36.996000 23.140000 -18.766000 0.000000
98181 36.665000 23.491000 -18.351000 0.000000
98184 37.242000 23.443000 -19.438000 0.000000
98185 36.930000 23.738000 -19.069000 0.000000
98188 37.989000 23.217000 -20.716000 0.000000
98189 37.656000 23.558000 -20.329000 0.000000
98192 38.142000 23.445000 -21.399000 0.000000
98193 37.890000 23.771000 -21.051000 0.000000
98195 38.305000 23.509000 -22.299000 0.000000
98200 38.329000 23.526000 -23.227000 0.000000
98206 38.206000 23.559000 -24.142000 0.000000
98214 38.022000 23.650000 -24.946000 0.000000
98215 37.829000 23.631000 -25.590000 0.000000
98223 37.616000 23.510000 -26.326000 0.000000
98229 37.422000 23.699000 -28.743000 0.000000
98235 37.406000 23.596000 -28.973000 0.000000
98243 37.201000 23.552000 -29.602000 0.000000
98244 36.836000 24.138000 -29.962000 0.000000
98250 37.170000 23.019000 -30.114000 0.000000
98251 36.759000 23.637000 -30.514000 0.000000
98261 36.195000 23.759000 -31.566000 0.000000
98262 35.648000 24.162000 -31.966000 0.000000
98274 36.224000 23.306000 -32.166000 0.000000
98275 35.476000 23.710000 -32.633000 0.000000
98276 34.699000 24.004000 -32.933000 0.000000
98302 35.321000 23.189000 -33.404000 0.000000
98303 34.458000 23.543000 -33.351000 0.000000
99015 35.798000 24.122000 -4.835000 0.000000
99016 34.965000 23.980000 -4.927000 0.000000
99017 34.541000 23.728000 -5.204000 0.000000
99032 36.401000 24.831000 -5.036000 0.000000
99033 35.491000 24.758000 -5.070000 0.000000
99034 34.514000 24.359000 -5.480000 0.000000
99035 33.882000 24.511000 -6.242000 0.000000
99047 33.515000 24.654000 -6.946000 0.000000
99059 33.186000 24.950000 -7.639000 0.000000
99060 33.031000 25.470000 -7.902000 0.000000
99072 32.976000 25.032000 -8.066000 0.000000
99073 32.963000 25.299000 -8.059000 0.000000
99083 33.391000 24.156000 -9.808000 0.000000
99090 33.427000 24.414000 -10.492000 0.000000
99100 33.553000 24.605000 -11.370000 0.000000
99112 34.043000 24.284000 -12.789000 0.000000
99113 33.813000 24.662000 -12.380000 0.000000
99127 34.144000 24.531000 -13.200000 0.000000
99128 33.850000 25.231000 -12.956000 0.000000
99140 34.850000 24.099000 -14.540000 0.000000
99141 34.555000 24.599000 -14.194000 0.000000
99150 34.958000 24.610000 -15.106000 0.000000
99151 34.668000 25.099000 -14.749000 0.000000
99160 35.373000 24.600000 -16.083000 0.000000
99170 36.023000 24.499000 -17.585000 0.000000
99171 35.717000 24.589000 -16.913000 0.000000
99176 36.334000 24.459000 -18.271000 0.000000
99179 37.018000 24.065000 -19.477000 0.000000
99180 36.733000 24.557000 -19.218000 0.000000
99183 37.164000 24.532000 -20.102000 0.000000
99184 36.865000 25.021000 -19.830000 0.000000
99187 37.939000 24.064000 -21.474000 0.000000
99188 36.500000 25.319000 -22.275000 0.000000
99190 36.593000 25.067000 -22.741000 0.000000
99191 36.455000 25.233000 -22.503000 0.000000
99193 36.685000 25.044000 -23.332000 0.000000
99198 36.769000 25.148000 -23.999000 0.000000
99205 36.806000 25.281000 -24.469000 0.000000
99206 37.855000 24.510000 -25.480000 0.000000
99213 37.612000 24.482000 -26.231000 0.000000
99220 37.370000 24.435000 -27.075000 0.000000
99226 37.203000 24.617000 -28.764000 0.000000
99227 37.018000 24.936000 -28.981000 0.000000
99233 37.189000 24.286000 -29.127000 0.000000
99234 36.815000 24.708000 -29.526000 0.000000
99240 36.415000 24.647000 -30.291000 0.000000
99241 35.998000 24.906000 -30.802000 0.000000
99250 36.209000 24.331000 -30.923000 0.000000
99251 35.626000 24.733000 -31.481000 0.000000
99252 35.021000 25.042000 -32.033000 0.000000
99263 35.263000 24.463000 -32.163000 0.000000
99264 34.495000 24.671000 -32.644000 0.000000
99265 33.443000 25.135000 -33.034000 0.000000
99266 32.719000 25.443000 -33.144000 0.000000
99291 34.350000 24.105000 -33.019000 0.000000
99292 33.760000 24.263000 -33.143000 0.000000
99293 32.551000 24.645000 -33.229000 0.000000
99294 31.334000 24.339000 -33.204000 0.000000
99295 30.873000 24.540000 -33.134000 0.000000
99938 37.020000 25.549000 -5.318000 0.000000
99939 36.154000 25.588000 -5.244000 0.000000
99940 35.227000 25.520000 -5.357000 0.000000
99941 34.424000 25.450000 -5.819000 0.000000
99954 33.830000 25.501000 -6.412000 0.000000
99964 33.447000 25.640000 -7.054000 0.000000
99965 33.165000 25.860000 -7.619000 0.000000
99970 32.930000 25.459000 -8.240000 0.000000
99971 32.923000 25.973000 -8.132000 0.000000
99978 32.921000 25.709000 -8.328000 0.000000
99979 32.850000 26.611000 -8.613000 0.000000
99985 33.182000 25.486000 -10.494000 0.000000
99986 32.716000 27.214000 -9.070000 0.000000
99992 33.394000 25.405000 -11.556000 0.000000
99998 33.519000 25.680000 -12.374000 0.000000
100007 34.068000 25.491000 -13.695000 0.000000
100008 33.675000 25.924000 -13.071000 0.000000
100019 34.393000 25.591000 -14.486000 0.000000
100031 35.034000 25.727000 -15.982000 0.000000
100032 34.675000 25.690000 -15.164000 0.000000
100042 35.428000 25.587000 -16.836000 0.000000
100052 36.088000 25.128000 -18.135000 0.000000
100053 35.811000 25.469000 -17.695000 0.000000
100058 36.263000 25.576000 -18.833000 0.000000
100059 36.013000 25.631000 -18.287000 0.000000
100062 36.648000 25.587000 -19.703000 0.000000
100065 37.188000 26.576000 -21.813000 0.000000
100066 36.936000 25.421000 -20.227000 0.000000
100069 37.288000 26.522000 -22.240000 0.000000
100071 36.570000 25.060000 -23.069000 0.000000
100072 37.468000 26.473000 -22.620000 0.000000
100075 36.743000 25.472000 -23.734000 0.000000
100076 36.532000 25.225000 -23.193000 0.000000
100081 36.750000 25.512000 -24.475000 0.000000
100087 36.741000 25.719000 -24.982000 0.000000
100088 36.730000 26.157000 -25.614000 0.000000
100096 37.320000 25.356000 -26.816000 0.000000
100103 36.895000 25.902000 -28.375000 0.000000
100104 36.720000 26.285000 -28.446000 0.000000
100111 37.002000 25.309000 -28.732000 0.000000
100112 36.692000 25.750000 -28.971000 0.000000
100119 36.238000 25.691000 -30.009000 0.000000
100120 35.810000 26.222000 -30.496000 0.000000
100126 36.092000 25.220000 -30.492000 0.000000
100127 35.713000 25.682000 -30.916000 0.000000
100133 35.106000 25.671000 -31.625000 0.000000
100134 34.539000 25.676000 -32.183000 0.000000
100141 33.902000 25.746000 -32.639000 0.000000
100142 33.078000 25.982000 -32.903000 0.000000
100143 32.241000 26.037000 -33.117000 0.000000
100144 31.691000 26.264000 -33.148000 0.000000
100145 29.939000 25.374000 -32.943000 0.000000
100165 32.257000 25.422000 -33.186000 0.000000
100166 31.534000 25.591000 -33.168000 0.000000
100167 30.750000 25.067000 -33.104000 0.000000
100746 36.813000 26.403000 -5.443000 0.000000
100747 35.928000 26.425000 -5.420000 0.000000
100748 35.049000 26.423000 -5.599000 0.000000
100749 34.291000 26.386000 -5.988000 0.000000
100755 33.775000 26.442000 -6.521000 0.000000
100762 33.405000 26.597000 -7.108000 0.000000
100763 33.161000 26.743000 -7.736000 0.000000
100768 32.916000 27.014000 -8.315000 0.000000
100773 32.697000 27.409000 -8.907000 0.000000
100779 33.151000 25.906000 -11.063000 0.000000
100780 32.617000 27.798000 -9.480000 0.000000
100786 33.168000 26.210000 -11.628000 0.000000
100787 32.583000 27.927000 -10.125000 0.000000
100792 33.207000 26.784000 -12.610000 0.000000
100793 32.867000 27.270000 -12.123000 0.000000
100800 34.075000 26.166000 -14.210000 0.000000
100801 33.704000 26.542000 -13.693000 0.000000
100808 34.210000 26.612000 -14.866000 0.000000
100809 33.937000 26.659000 -14.306000 0.000000
100817 34.932000 26.431000 -16.182000 0.000000
100818 34.664000 26.602000 -15.782000 0.000000
100828 35.076000 26.673000 -16.731000 0.000000
100829 34.860000 26.777000 -16.284000 0.000000
100839 35.487000 26.515000 -17.617000 0.000000
100847 36.122000 26.288000 -18.978000 0.000000
100848 35.902000 26.341000 -18.495000 0.000000
100852 36.308000 26.604000 -19.544000 0.000000
100853 36.057000 26.610000 -19.033000 0.000000
100856 37.172000 26.586000 -21.577000 0.000000
100857 37.074000 26.985000 -21.408000 0.000000
100860 37.296000 26.839000 -21.899000 0.000000
100861 37.164000 26.826000 -21.572000 0.000000
100863 37.605000 26.653000 -22.519000 0.000000
100866 38.066000 27.225000 -23.759000 0.000000
100867 37.792000 26.709000 -22.963000 0.000000
100870 37.646000 27.395000 -24.800000 0.000000
100871 37.282000 27.461000 -25.272000 0.000000
100876 36.995000 25.838000 -24.928000 0.000000
100877 36.921000 27.332000 -25.670000 0.000000
100882 36.650000 27.116000 -26.851000 0.000000
100883 36.575000 27.255000 -27.230000 0.000000
100889 36.771000 26.592000 -27.663000 0.000000
100890 36.675000 26.846000 -27.890000 0.000000
100896 36.461000 26.640000 -28.649000 0.000000
100901 36.224000 26.549000 -29.330000 0.000000
100902 35.840000 26.728000 -30.099000 0.000000
100907 35.359000 26.789000 -30.970000 0.000000
100908 34.839000 27.239000 -31.344000 0.000000
100913 35.208000 26.220000 -31.353000 0.000000
100914 34.538000 26.727000 -31.820000 0.000000
100915 33.926000 27.229000 -32.201000 0.000000
100920 34.175000 26.239000 -32.341000 0.000000
100921 33.578000 26.767000 -32.532000 0.000000
100922 32.579000 26.801000 -32.933000 0.000000
100923 31.825000 26.799000 -33.113000 0.000000
100924 29.708000 26.152000 -33.013000 0.000000
100925 29.273000 26.113000 -32.954000 0.000000
100942 31.192000 26.666000 -33.180000 0.000000
100943 30.315000 26.342000 -33.123000 0.000000
100944 29.365000 26.767000 -33.195000 0.000000
100945 28.725000 26.812000 -33.223000 0.000000
101539 36.590000 27.250000 -5.531000 0.000000
101540 35.742000 27.309000 -5.579000 0.000000
101541 34.861000 27.377000 -5.806000 0.000000
101542 34.200000 27.088000 -6.173000 0.000000
101548 34.371000 27.758000 -6.078000 0.000000
101549 33.818000 27.471000 -6.554000 0.000000
101555 33.379000 27.514000 -7.225000 0.000000
101556 33.111000 27.655000 -7.845000 0.000000
101561 32.801000 27.922000 -8.464000 0.000000
101567 32.518000 28.236000 -9.206000 0.000000
101573 32.425000 28.306000 -9.868000 0.000000
101578 32.316000 28.481000 -10.202000 0.000000
101582 33.047000 27.402000 -12.941000 0.000000
101583 32.824000 27.663000 -12.562000 0.000000
101589 33.213000 27.502000 -13.477000 0.000000
101590 32.965000 27.703000 -13.077000 0.000000
101596 33.986000 27.307000 -14.983000 0.000000
101597 33.712000 27.347000 -14.459000 0.000000
101603 34.119000 27.600000 -15.544000 0.000000
101604 33.848000 27.673000 -15.053000 0.000000
101611 34.953000 27.351000 -16.959000 0.000000
101612 34.433000 29.038000 -17.612000 0.000000
101617 34.813000 28.851000 -18.208000 0.000000
101618 34.608000 28.871000 -17.840000 0.000000
101624 35.209000 28.812000 -18.890000 0.000000
101629 36.150000 28.597000 -19.912000 0.000000
101630 35.623000 28.718000 -19.404000 0.000000
101633 36.743000 27.990000 -20.822000 0.000000
101636 37.440000 27.743000 -21.775000 0.000000
101637 37.105000 27.380000 -21.412000 0.000000
101639 37.727000 27.320000 -22.432000 0.000000
101643 38.393000 27.759000 -23.667000 0.000000
101644 38.006000 27.124000 -23.052000 0.000000
101647 38.068000 27.759000 -24.349000 0.000000
101648 37.547000 27.765000 -25.005000 0.000000
101650 36.911000 27.762000 -25.702000 0.000000
101651 36.689000 28.095000 -26.184000 0.000000
101653 36.738000 27.393000 -26.196000 0.000000
101654 36.597000 27.719000 -26.704000 0.000000
101658 36.459000 27.592000 -27.616000 0.000000
101663 36.219000 27.502000 -28.498000 0.000000
101664 35.815000 28.024000 -28.977000 0.000000
101670 36.182000 27.025000 -28.953000 0.000000
101671 35.799000 27.500000 -29.442000 0.000000
101677 35.356000 27.580000 -30.339000 0.000000
101678 34.905000 27.704000 -30.998000 0.000000
101683 34.447000 27.701000 -31.490000 0.000000
101684 33.990000 27.697000 -31.942000 0.000000
101692 33.474000 27.682000 -32.317000 0.000000
101693 32.731000 27.656000 -32.680000 0.000000
101694 31.951000 27.555000 -32.990000 0.000000
101711 31.311000 27.515000 -33.207000 0.000000
101712 30.514000 27.527000 -33.313000 0.000000
101713 29.584000 27.574000 -33.377000 0.000000
101714 28.717000 27.649000 -33.452000 0.000000
101715 28.023000 27.563000 -33.461000 0.000000
102261 35.614000 28.246000 -5.622000 0.000000
102262 34.858000 28.384000 -5.820000 0.000000
102269 34.233000 28.447000 -6.205000 0.000000
102270 33.643000 28.465000 -6.767000 0.000000
102271 33.309000 28.857000 -7.176000 0.000000
102277 33.286000 28.217000 -7.366000 0.000000
102278 32.974000 28.637000 -7.801000 0.000000
102284 32.560000 28.805000 -8.541000 0.000000
102290 32.228000 29.176000 -9.007000 0.000000
102291 32.022000 29.229000 -9.547000 0.000000
102297 32.225000 28.756000 -9.708000 0.000000
102298 31.898000 29.261000 -9.978000 0.000000
102304 32.129000 28.792000 -10.174000 0.000000
102305 31.847000 29.373000 -10.404000 0.000000
102310 32.026000 28.958000 -10.436000 0.000000
102311 31.816000 29.458000 -10.637000 0.000000
102317 33.069000 27.945000 -13.623000 0.000000
102318 32.803000 28.271000 -13.279000 0.000000
102323 33.205000 28.049000 -14.057000 0.000000
102324 32.923000 28.773000 -14.209000 0.000000
102329 33.905000 28.195000 -15.682000 0.000000
102330 33.535000 28.436000 -15.193000 0.000000
102331 33.017000 29.072000 -14.791000 0.000000
102337 34.219000 29.467000 -17.428000 0.000000
102338 33.652000 28.877000 -15.883000 0.000000
102344 34.700000 28.902000 -18.025000 0.000000
102345 34.525000 29.108000 -17.841000 0.000000
102350 34.933000 29.077000 -18.550000 0.000000
102351 34.693000 29.084000 -18.136000 0.000000
102356 36.074000 28.812000 -19.840000 0.000000
102357 35.574000 28.979000 -19.430000 0.000000
102360 36.433000 28.931000 -20.324000 0.000000
102361 36.022000 29.044000 -19.814000 0.000000
102364 37.586000 28.732000 -21.609000 0.000000
102365 37.039000 28.345000 -21.150000 0.000000
102367 38.591000 28.733000 -22.699000 0.000000
102368 37.964000 28.200000 -22.254000 0.000000
102372 38.864000 28.536000 -23.520000 0.000000
102373 38.325000 27.868000 -22.934000 0.000000
102376 38.557000 28.472000 -24.320000 0.000000
102377 37.808000 28.366000 -24.710000 0.000000
102380 37.178000 28.355000 -25.154000 0.000000
102381 36.808000 28.552000 -25.837000 0.000000
102383 36.594000 28.540000 -26.569000 0.000000
102385 36.346000 28.514000 -27.474000 0.000000
102386 36.024000 29.122000 -27.971000 0.000000
102388 36.278000 28.022000 -28.033000 0.000000
102389 35.879000 28.568000 -28.493000 0.000000
102391 35.277000 28.561000 -29.447000 0.000000
102392 34.692000 28.962000 -29.803000 0.000000
102398 35.310000 28.073000 -29.945000 0.000000
102399 34.586000 28.546000 -30.441000 0.000000
102400 33.833000 28.920000 -30.764000 0.000000
102407 34.445000 28.149000 -31.123000 0.000000
102408 33.698000 28.524000 -31.403000 0.000000
102409 32.997000 28.896000 -31.682000 0.000000
102417 33.558000 28.139000 -32.027000 0.000000
102418 32.912000 28.508000 -32.182000 0.000000
102419 31.760000 28.535000 -32.763000 0.000000
102420 31.097000 29.018000 -32.975000 0.000000
102430 31.493000 28.040000 -33.121000 0.000000
102431 30.878000 28.518000 -33.243000 0.000000
102432 29.828000 28.572000 -33.446000 0.000000
102433 28.845000 28.602000 -33.613000 0.000000
102434 27.933000 28.635000 -33.751000 0.000000
102435 27.188000 28.761000 -33.904000 0.000000
102996 35.463000 29.176000 -5.672000 0.000000
102997 34.703000 29.262000 -5.882000 0.000000
103005 34.075000 29.312000 -6.282000 0.000000
103006 33.554000 29.452000 -6.732000 0.000000
103007 33.063000 29.545000 -7.248000 0.000000
103013 32.612000 29.582000 -7.922000 0.000000
103021 32.205000 29.647000 -8.645000 0.000000
103022 31.881000 29.960000 -9.026000 0.000000
103029 32.011000 29.502000 -9.192000 0.000000
103030 31.780000 29.856000 -9.576000 0.000000
103036 31.656000 29.977000 -10.194000 0.000000
103042 31.617000 30.140000 -10.619000 0.000000
103049 32.375000 28.940000 -12.811000 0.000000
103050 32.046000 29.636000 -12.338000 0.000000
103057 32.419000 29.305000 -13.433000 0.000000
103058 32.070000 30.069000 -13.121000 0.000000
103064 32.647000 29.509000 -14.356000 0.000000
103069 33.448000 29.083000 -15.692000 0.000000
103070 33.033000 29.581000 -15.288000 0.000000
103076 34.077000 29.708000 -17.308000 0.000000
103077 33.850000 30.078000 -17.132000 0.000000
103078 33.359000 30.938000 -16.572000 0.000000
103084 34.165000 29.816000 -17.547000 0.000000
103085 33.870000 30.294000 -17.269000 0.000000
103088 34.895000 29.387000 -18.573000 0.000000
103089 34.636000 29.595000 -18.254000 0.000000
103094 35.113000 29.677000 -18.990000 0.000000
103095 34.761000 30.096000 -18.647000 0.000000
103099 36.446000 29.797000 -20.407000 0.000000
103100 35.870000 29.600000 -19.832000 0.000000
103103 38.286000 30.092000 -21.647000 0.000000
103104 37.893000 29.732000 -21.518000 0.000000
103105 37.070000 29.492000 -20.949000 0.000000
103107 39.303000 30.207000 -22.648000 0.000000
103108 38.789000 29.745000 -22.272000 0.000000
103109 38.183000 29.001000 -22.043000 0.000000
103112 39.625000 29.965000 -23.436000 0.000000
103113 39.130000 29.258000 -23.220000 0.000000
103116 39.176000 30.275000 -24.193000 0.000000
103117 38.949000 29.590000 -24.243000 0.000000
103118 37.724000 29.378000 -24.673000 0.000000
103119 36.991000 29.766000 -24.717000 0.000000
103122 37.397000 28.799000 -24.887000 0.000000
103123 36.842000 29.236000 -25.134000 0.000000
103125 36.488000 29.475000 -26.249000 0.000000
103126 36.167000 30.083000 -26.643000 0.000000
103128 36.431000 29.043000 -26.928000 0.000000
103129 36.121000 29.638000 -27.329000 0.000000
103131 35.452000 29.698000 -28.377000 0.000000
103132 34.821000 30.113000 -28.672000 0.000000
103135 35.323000 29.120000 -28.947000 0.000000
103136 34.587000 29.619000 -29.340000 0.000000
103137 33.905000 30.021000 -29.668000 0.000000
103140 34.397000 29.187000 -29.997000 0.000000
103141 33.684000 29.583000 -30.307000 0.000000
103142 32.908000 29.942000 -30.551000 0.000000
103147 33.450000 29.106000 -30.916000 0.000000
103148 32.704000 29.509000 -31.219000 0.000000
103149 31.513000 29.989000 -31.748000 0.000000
103150 30.982000 30.227000 -32.057000 0.000000
103157 32.681000 29.046000 -31.830000 0.000000
103158 32.097000 29.243000 -32.104000 0.000000
103159 30.907000 29.706000 -32.540000 0.000000
103160 30.213000 30.098000 -32.771000 0.000000
103174 30.753000 29.225000 -33.043000 0.000000
103175 30.099000 29.594000 -33.139000 0.000000
103176 29.056000 29.615000 -33.535000 0.000000
103177 28.043000 29.617000 -33.787000 0.000000
103178 26.971000 29.733000 -34.136000 0.000000
103179 26.612000 29.395000 -34.199000 0.000000
103193 26.298000 30.323000 -34.331000 0.000000
103194 25.908000 30.063000 -34.414000 0.000000
103740 35.243000 30.149000 -5.780000 0.000000
103741 34.456000 30.054000 -5.987000 0.000000
103750 35.321000 31.005000 -6.015000 0.000000
103751 33.925000 30.167000 -6.336000 0.000000
103752 33.353000 30.366000 -6.769000 0.000000
103753 32.768000 30.460000 -7.369000 0.000000
103760 32.267000 30.546000 -8.107000 0.000000
103761 31.878000 30.915000 -8.554000 0.000000
103767 31.951000 30.323000 -8.664000 0.000000
103768 31.684000 30.663000 -9.141000 0.000000
103775 31.537000 30.678000 -9.877000 0.000000
103782 31.459000 30.840000 -10.503000 0.000000
103789 31.400000 31.310000 -11.119000 0.000000
103796 31.372000 31.914000 -11.817000 0.000000
103803 32.265000 29.996000 -13.793000 0.000000
103804 31.982000 30.793000 -13.509000 0.000000
103810 32.386000 30.374000 -14.489000 0.000000
103811 31.879000 32.321000 -14.715000 0.000000
103816 32.841000 31.614000 -15.968000 0.000000
103822 33.599000 30.801000 -16.966000 0.000000
103823 33.137000 31.508000 -16.430000 0.000000
103830 34.263000 30.117000 -17.915000 0.000000
103831 33.891000 30.727000 -17.626000 0.000000
103838 34.390000 30.534000 -18.353000 0.000000
103839 34.034000 31.288000 -18.204000 0.000000
103843 35.454000 30.341000 -19.612000 0.000000
103844 34.898000 30.701000 -19.086000 0.000000
103848 36.787000 30.367000 -20.658000 0.000000
103849 36.144000 30.619000 -20.202000 0.000000
103851 38.480000 30.442000 -21.732000 0.000000
103852 38.014000 30.560000 -21.318000 0.000000
103853 37.373000 30.578000 -20.989000 0.000000
103855 39.906000 30.794000 -22.962000 0.000000
103856 39.639000 30.579000 -22.882000 0.000000
103857 38.988000 30.748000 -22.205000 0.000000
103859 40.108000 30.897000 -23.417000 0.000000
103860 39.878000 30.489000 -23.694000 0.000000
103861 37.996000 31.131000 -24.067000 0.000000
103862 37.725000 31.072000 -24.056000 0.000000
103863 37.180000 30.992000 -24.057000 0.000000
103866 39.719000 31.088000 -24.041000 0.000000
103867 39.247000 30.752000 -24.166000 0.000000
103868 38.395000 30.808000 -24.228000 0.000000
103869 37.798000 30.395000 -24.362000 0.000000
103870 36.907000 30.469000 -24.375000 0.000000
103871 36.337000 30.707000 -24.527000 0.000000
103874 36.620000 30.145000 -24.864000 0.000000
103875 36.107000 30.614000 -24.995000 0.000000
103877 36.454000 30.029000 -25.440000 0.000000
103878 35.960000 30.551000 -25.955000 0.000000
103879 35.445000 31.032000 -26.449000 0.000000
103881 35.808000 30.509000 -26.910000 0.000000
103882 35.221000 31.049000 -27.170000 0.000000
103884 35.549000 30.377000 -27.641000 0.000000
103885 34.822000 30.739000 -28.107000 0.000000
103886 34.079000 31.002000 -28.524000 0.000000
103887 33.470000 31.154000 -28.709000 0.000000
103890 34.424000 30.392000 -28.779000 0.000000
103891 33.866000 30.522000 -29.186000 0.000000
103892 33.072000 31.000000 -29.291000 0.000000
103893 32.489000 31.149000 -29.641000 0.000000
103895 33.480000 30.329000 -29.733000 0.000000
103896 32.882000 30.465000 -30.066000 0.000000
103897 32.175000 30.984000 -30.211000 0.000000
103900 32.458000 30.287000 -30.606000 0.000000
103901 31.743000 30.613000 -30.957000 0.000000
103902 30.857000 30.816000 -31.646000 0.000000
103903 30.252000 31.473000 -31.639000 0.000000
103915 30.685000 30.394000 -32.188000 0.000000
103916 30.024000 30.825000 -32.390000 0.000000
103917 29.363000 31.182000 -32.707000 0.000000
103932 29.880000 30.287000 -32.881000 0.000000
103933 29.264000 30.669000 -33.112000 0.000000
103934 28.252000 30.619000 -33.595000 0.000000
103935 27.336000 30.583000 -33.926000 0.000000
103942 26.557000 30.734000 -34.204000 0.000000
103943 25.834000 30.896000 -34.415000 0.000000
104466 34.682000 30.783000 -6.043000 0.000000
104467 34.274000 30.561000 -6.193000 0.000000
104476 34.827000 31.638000 -6.150000 0.000000
104477 33.960000 31.222000 -6.428000 0.000000
104478 33.046000 31.359000 -6.942000 0.000000
104479 32.454000 31.422000 -7.559000 0.000000
104486 31.961000 31.533000 -8.166000 0.000000
104487 31.618000 31.576000 -8.835000 0.000000
104493 31.445000 31.507000 -9.598000 0.000000
104501 31.390000 31.408000 -10.227000 0.000000
104508 31.328000 31.764000 -10.862000 0.000000
104514 31.331000 32.134000 -11.680000 0.000000
104521 31.383000 32.461000 -12.619000 0.000000
104529 31.553000 32.599000 -13.972000 0.000000
104536 32.294000 32.088000 -15.302000 0.000000
104537 31.957000 32.526000 -14.906000 0.000000
104543 32.573000 32.183000 -15.749000 0.000000
104544 32.274000 32.756000 -15.367000 0.000000
104550 33.418000 31.572000 -17.080000 0.000000
104551 32.986000 32.253000 -16.509000 0.000000
104557 33.643000 31.789000 -17.811000 0.000000
104564 34.430000 31.454000 -18.764000 0.000000
104565 33.988000 32.074000 -18.466000 0.000000
104568 35.478000 31.219000 -19.772000 0.000000
104569 34.929000 31.765000 -19.394000 0.000000
104574 37.295000 31.550000 -20.835000 0.000000
104575 36.962000 31.296000 -20.696000 0.000000
104576 36.172000 31.720000 -20.220000 0.000000
104578 38.374000 31.176000 -21.559000 0.000000
104579 37.635000 31.408000 -21.025000 0.000000
104580 37.321000 31.109000 -20.876000 0.000000
104582 39.877000 31.190000 -22.950000 0.000000
104583 39.433000 31.494000 -22.737000 0.000000
104584 38.803000 31.775000 -22.129000 0.000000
104586 39.677000 31.563000 -23.506000 0.000000
104587 39.001000 31.859000 -23.612000 0.000000
104588 38.095000 31.538000 -23.852000 0.000000
104589 37.300000 31.636000 -23.687000 0.000000
104590 36.608000 31.447000 -23.764000 0.000000
104591 35.952000 31.580000 -23.736000 0.000000
104592 35.462000 31.754000 -23.826000 0.000000
104595 39.183000 31.382000 -24.027000 0.000000
104596 38.604000 31.286000 -24.082000 0.000000
104597 38.297000 31.212000 -24.092000 0.000000
104598 36.293000 31.075000 -24.143000 0.000000
104599 35.826000 31.200000 -24.345000 0.000000
104600 35.193000 31.691000 -24.379000 0.000000
104604 35.583000 31.177000 -25.096000 0.000000
104605 34.983000 31.702000 -25.222000 0.000000
104607 35.360000 31.245000 -25.807000 0.000000
104608 34.796000 31.660000 -26.277000 0.000000
104609 34.225000 32.075000 -26.724000 0.000000
104611 34.541000 31.531000 -27.303000 0.000000
104612 33.820000 31.987000 -27.369000 0.000000
104613 33.175000 31.972000 -27.625000 0.000000
104616 34.181000 31.392000 -27.921000 0.000000
104617 33.565000 31.502000 -28.076000 0.000000
104618 32.782000 31.645000 -28.326000 0.000000
104619 32.146000 31.889000 -28.657000 0.000000
104622 32.449000 31.469000 -29.073000 0.000000
104623 31.857000 31.732000 -29.418000 0.000000
104624 31.310000 32.105000 -29.798000 0.000000
104626 31.516000 31.473000 -30.302000 0.000000
104627 30.902000 32.038000 -30.379000 0.000000
104628 30.409000 32.254000 -30.661000 0.000000
104631 31.123000 31.330000 -30.903000 0.000000
104632 30.589000 31.668000 -31.078000 0.000000
104633 30.081000 32.145000 -31.151000 0.000000
104643 29.712000 31.886000 -31.769000 0.000000
104644 29.236000 31.781000 -32.343000 0.000000
104645 28.682000 32.047000 -32.642000 0.000000
104653 28.989000 31.477000 -32.851000 0.000000
104654 28.359000 31.635000 -33.152000 0.000000
104655 27.458000 31.583000 -33.607000 0.000000
104656 26.748000 31.986000 -33.808000 0.000000
104663 26.826000 31.300000 -33.956000 0.000000
105199 34.193000 32.481000 -6.385000 0.000000
105200 33.277000 32.393000 -6.703000 0.000000
105201 32.593000 32.312000 -7.212000 0.000000
105209 32.086000 32.341000 -7.749000 0.000000
105210 31.636000 32.481000 -8.451000 0.000000
105218 31.371000 32.464000 -9.316000 0.000000
105227 31.264000 32.387000 -10.288000 0.000000
105235 31.259000 32.731000 -11.321000 0.000000
105242 31.333000 32.920000 -12.300000 0.000000
105250 31.422000 33.035000 -13.319000 0.000000
105257 31.600000 33.072000 -14.278000 0.000000
105264 31.950000 33.132000 -14.963000 0.000000
105271 32.620000 32.937000 -15.956000 0.000000
105272 32.291000 33.227000 -15.414000 0.000000
105278 33.309000 32.591000 -17.292000 0.000000
105279 32.969000 32.976000 -16.645000 0.000000
105286 33.669000 32.704000 -18.095000 0.000000
105294 34.507000 32.490000 -19.085000 0.000000
105295 34.081000 32.873000 -18.644000 0.000000
105301 35.569000 32.212000 -19.843000 0.000000
105302 35.080000 32.589000 -19.590000 0.000000
105309 37.306000 31.945000 -20.841000 0.000000
105310 36.847000 32.273000 -20.439000 0.000000
105311 36.266000 32.633000 -19.991000 0.000000
105318 38.249000 32.089000 -21.529000 0.000000
105319 37.726000 32.320000 -21.158000 0.000000
105322 39.161000 32.334000 -22.809000 0.000000
105323 38.529000 32.759000 -22.425000 0.000000
105324 36.626000 32.663000 -22.883000 0.000000
105325 36.357000 32.628000 -22.849000 0.000000
105326 35.790000 32.585000 -22.801000 0.000000
105327 35.226000 32.572000 -22.834000 0.000000
105330 38.504000 32.386000 -23.343000 0.000000
105331 37.698000 32.443000 -23.212000 0.000000
105332 36.817000 32.378000 -23.127000 0.000000
105333 36.158000 32.121000 -23.258000 0.000000
105334 35.553000 32.116000 -23.288000 0.000000
105335 34.855000 32.306000 -23.518000 0.000000
105336 34.279000 32.637000 -23.879000 0.000000
105338 34.619000 32.217000 -24.471000 0.000000
105339 34.039000 32.704000 -24.562000 0.000000
105343 34.439000 32.267000 -25.348000 0.000000
105344 33.849000 32.778000 -25.440000 0.000000
105347 34.217000 32.334000 -26.070000 0.000000
105348 33.644000 32.699000 -26.464000 0.000000
105349 33.096000 32.985000 -26.861000 0.000000
105352 33.304000 32.491000 -27.204000 0.000000
105353 32.652000 32.604000 -27.467000 0.000000
105354 32.015000 32.788000 -27.740000 0.000000
105357 32.205000 32.252000 -28.097000 0.000000
105358 31.644000 32.544000 -28.447000 0.000000
105359 31.103000 32.856000 -28.783000 0.000000
105362 31.352000 32.408000 -29.210000 0.000000
105363 30.819000 32.739000 -29.514000 0.000000
105364 30.332000 33.029000 -29.814000 0.000000
105366 30.500000 32.592000 -30.183000 0.000000
105367 30.024000 32.853000 -30.444000 0.000000
105374 29.541000 32.756000 -31.209000 0.000000
105375 29.114000 32.995000 -31.585000 0.000000
105385 29.279000 32.431000 -31.833000 0.000000
105386 28.791000 32.735000 -32.130000 0.000000
105387 28.149000 32.678000 -32.679000 0.000000
105388 27.559000 32.969000 -32.942000 0.000000
105395 27.709000 32.310000 -33.182000 0.000000
105396 27.066000 32.684000 -33.394000 0.000000
105991 33.483000 33.526000 -6.515000 0.000000
105992 32.480000 33.480000 -7.078000 0.000000
105993 31.925000 34.076000 -7.516000 0.000000
106002 32.242000 32.895000 -7.468000 0.000000
106003 31.761000 33.450000 -7.907000 0.000000
106011 31.209000 33.595000 -8.961000 0.000000
106012 30.876000 34.265000 -9.302000 0.000000
106018 31.114000 33.323000 -9.894000 0.000000
106019 30.864000 34.027000 -9.769000 0.000000
106028 31.073000 33.679000 -10.869000 0.000000
106029 30.931000 33.868000 -10.267000 0.000000
106036 31.212000 33.689000 -11.952000 0.000000
106043 31.366000 33.720000 -12.929000 0.000000
106049 31.471000 33.741000 -13.855000 0.000000
106060 31.748000 33.724000 -14.611000 0.000000
106071 32.500000 33.742000 -15.735000 0.000000
106072 32.141000 33.741000 -15.163000 0.000000
106080 33.204000 33.575000 -17.089000 0.000000
106081 32.828000 33.675000 -16.405000 0.000000
106089 33.567000 33.472000 -17.764000 0.000000
106096 35.364000 33.694000 -19.222000 0.000000
106097 34.662000 33.551000 -18.911000 0.000000
106098 34.015000 33.533000 -18.365000 0.000000
106104 36.444000 33.383000 -19.702000 0.000000
106105 35.846000 33.205000 -19.572000 0.000000
106106 34.973000 33.178000 -19.442000 0.000000
106110 37.721000 33.108000 -21.238000 0.000000
106111 37.490000 32.862000 -20.911000 0.000000
106112 36.911000 33.224000 -20.027000 0.000000
106113 36.357000 33.101000 -19.784000 0.000000
106119 37.984000 32.945000 -21.550000 0.000000
106120 37.719000 32.692000 -21.184000 0.000000
106123 37.612000 33.118000 -22.560000 0.000000
106124 36.759000 32.940000 -22.663000 0.000000
106125 36.079000 33.132000 -22.511000 0.000000
106126 35.438000 33.132000 -22.442000 0.000000
106127 34.701000 33.079000 -22.642000 0.000000
106128 33.952000 33.384000 -22.808000 0.000000
106129 33.287000 33.560000 -23.009000 0.000000
106133 37.139000 32.740000 -22.902000 0.000000
106134 36.885000 32.694000 -22.894000 0.000000
106135 34.281000 32.896000 -23.280000 0.000000
106136 33.677000 33.076000 -23.666000 0.000000
106137 32.774000 33.502000 -23.720000 0.000000
106138 32.178000 33.796000 -24.078000 0.000000
106140 33.316000 33.083000 -24.603000 0.000000
106141 32.594000 33.545000 -24.767000 0.000000
106142 32.058000 33.977000 -24.612000 0.000000
106145 33.200000 33.186000 -25.537000 0.000000
106146 32.677000 33.614000 -25.705000 0.000000
106148 33.054000 33.232000 -26.252000 0.000000
106149 32.552000 33.510000 -26.643000 0.000000
106150 32.034000 33.769000 -26.994000 0.000000
106153 32.171000 33.237000 -27.288000 0.000000
106154 31.578000 33.447000 -27.568000 0.000000
106155 30.997000 33.695000 -27.844000 0.000000
106157 31.151000 33.171000 -28.207000 0.000000
106158 30.663000 33.492000 -28.561000 0.000000
106159 30.267000 33.831000 -28.941000 0.000000
106162 30.397000 33.340000 -29.287000 0.000000
106163 29.977000 33.649000 -29.623000 0.000000
106166 29.446000 33.626000 -30.451000 0.000000
106167 28.961000 33.903000 -30.837000 0.000000
106174 29.157000 33.379000 -31.123000 0.000000
106175 28.730000 33.634000 -31.482000 0.000000
106181 28.285000 33.539000 -32.119000 0.000000
106182 27.757000 33.563000 -32.524000 0.000000
106183 27.180000 33.622000 -32.896000 0.000000
106788 33.759000 34.697000 -6.190000 0.000000
106789 32.779000 34.603000 -6.597000 0.000000
106790 32.035000 34.683000 -7.201000 0.000000
106801 31.436000 34.712000 -7.966000 0.000000
106802 31.000000 35.241000 -8.407000 0.000000
106811 31.325000 34.118000 -8.406000 0.000000
106812 30.880000 34.736000 -8.842000 0.000000
106818 30.723000 34.769000 -9.740000 0.000000
106827 30.952000 34.383000 -11.064000 0.000000
106828 30.833000 34.524000 -10.583000 0.000000
106833 31.041000 34.651000 -11.666000 0.000000
106834 30.891000 34.715000 -11.168000 0.000000
106841 31.261000 34.583000 -12.651000 0.000000
106853 31.447000 34.526000 -13.546000 0.000000
106864 32.169000 34.857000 -14.946000 0.000000
106865 31.734000 34.555000 -14.398000 0.000000
106872 32.414000 34.515000 -15.431000 0.000000
106873 32.015000 34.264000 -14.909000 0.000000
106876 33.202000 34.439000 -16.789000 0.000000
106877 32.782000 34.489000 -16.132000 0.000000
106880 34.306000 34.648000 -17.834000 0.000000
106881 33.706000 34.391000 -17.463000 0.000000
106883 36.287000 34.578000 -19.133000 0.000000
106884 35.551000 34.395000 -18.817000 0.000000
106885 34.677000 34.373000 -18.328000 0.000000
106886 33.961000 34.110000 -18.040000 0.000000
106888 37.374000 34.405000 -20.150000 0.000000
106889 36.706000 34.077000 -19.610000 0.000000
106890 35.960000 33.955000 -19.179000 0.000000
106892 37.714000 33.565000 -21.319000 0.000000
106893 37.460000 33.886000 -20.609000 0.000000
106894 37.184000 33.881000 -20.004000 0.000000
106899 37.798000 33.705000 -22.133000 0.000000
106900 36.217000 34.322000 -21.929000 0.000000
106901 35.638000 34.491000 -21.808000 0.000000
106902 34.853000 34.572000 -21.742000 0.000000
106903 33.968000 34.574000 -21.742000 0.000000
106904 33.014000 34.587000 -21.869000 0.000000
106905 32.111000 34.815000 -22.221000 0.000000
106906 31.590000 34.995000 -22.577000 0.000000
106909 37.081000 33.521000 -22.277000 0.000000
106910 36.496000 33.744000 -22.243000 0.000000
106911 35.800000 33.778000 -22.181000 0.000000
106912 35.121000 33.815000 -22.134000 0.000000
106913 34.356000 33.898000 -22.207000 0.000000
106914 33.546000 34.022000 -22.382000 0.000000
106915 32.653000 34.098000 -22.758000 0.000000
106916 31.826000 34.476000 -22.977000 0.000000
106920 32.169000 33.987000 -23.458000 0.000000
106921 31.747000 34.388000 -23.978000 0.000000
106923 32.237000 33.900000 -25.204000 0.000000
106924 31.935000 34.521000 -25.092000 0.000000
106927 32.285000 34.086000 -25.860000 0.000000
106928 32.002000 34.681000 -26.080000 0.000000
106930 32.087000 34.092000 -26.483000 0.000000
106931 31.667000 34.418000 -26.918000 0.000000
106932 31.177000 34.725000 -27.225000 0.000000
106935 31.210000 34.141000 -27.436000 0.000000
106936 30.699000 34.422000 -27.758000 0.000000
106937 30.235000 34.702000 -28.120000 0.000000
106939 30.336000 34.174000 -28.417000 0.000000
106940 29.955000 34.485000 -28.814000 0.000000
106942 29.535000 34.456000 -29.659000 0.000000
106945 29.121000 34.532000 -30.362000 0.000000
106946 28.691000 34.533000 -30.976000 0.000000
106953 28.298000 34.477000 -31.659000 0.000000
106954 27.963000 34.745000 -32.057000 0.000000
106960 27.965000 34.156000 -32.160000 0.000000
106961 27.497000 34.455000 -32.414000 0.000000
107578 33.237000 36.279000 -6.012000 0.000000
107587 33.562000 35.391000 -6.069000 0.000000
107588 33.022000 35.721000 -6.248000 0.000000
107589 32.158000 35.626000 -6.777000 0.000000
107597 31.536000 35.661000 -7.438000 0.000000
107598 31.047000 35.781000 -8.107000 0.000000
107605 30.698000 35.778000 -8.763000 0.000000
107610 30.607000 35.651000 -9.571000 0.000000
107619 30.681000 35.517000 -10.470000 0.000000
107625 30.998000 35.290000 -11.847000 0.000000
107626 30.848000 35.338000 -11.367000 0.000000
107632 31.125000 35.577000 -12.453000 0.000000
107633 30.965000 35.583000 -11.918000 0.000000
107646 31.419000 35.394000 -13.380000 0.000000
107653 32.120000 35.582000 -14.715000 0.000000
107654 31.639000 35.230000 -14.054000 0.000000
107657 32.521000 35.403000 -15.376000 0.000000
107660 33.268000 35.370000 -16.452000 0.000000
107661 32.758000 35.161000 -15.886000 0.000000
107663 35.311000 35.904000 -17.676000 0.000000
107664 34.421000 35.322000 -17.361000 0.000000
107665 33.726000 35.092000 -16.979000 0.000000
107667 36.355000 35.449000 -18.922000 0.000000
107668 35.545000 35.250000 -18.275000 0.000000
107669 34.887000 35.066000 -17.850000 0.000000
107671 37.427000 35.157000 -19.975000 0.000000
107672 36.783000 35.063000 -19.440000 0.000000
107674 37.642000 34.311000 -21.333000 0.000000
107675 37.667000 35.023000 -21.094000 0.000000
107676 37.075000 35.492000 -21.491000 0.000000
107677 35.043000 36.051000 -21.087000 0.000000
107678 34.124000 36.098000 -21.003000 0.000000
107679 33.025000 35.972000 -20.842000 0.000000
107680 31.898000 35.985000 -21.017000 0.000000
107681 31.330000 36.126000 -21.317000 0.000000
107685 37.491000 34.111000 -21.890000 0.000000
107686 36.968000 34.472000 -21.843000 0.000000
107687 36.457000 35.090000 -21.547000 0.000000
107688 35.541000 35.406000 -21.443000 0.000000
107689 34.510000 35.336000 -21.377000 0.000000
107690 33.519000 35.274000 -21.309000 0.000000
107691 32.430000 35.276000 -21.418000 0.000000
107692 31.250000 35.641000 -21.978000 0.000000
107693 30.570000 36.123000 -22.381000 0.000000
107697 37.281000 33.841000 -22.139000 0.000000
107698 36.993000 33.943000 -22.086000 0.000000
107699 31.251000 35.136000 -23.269000 0.000000
107700 30.626000 35.835000 -23.016000 0.000000
107704 31.436000 35.207000 -24.500000 0.000000
107705 30.843000 35.854000 -24.060000 0.000000
107707 31.697000 35.329000 -25.557000 0.000000
107708 31.233000 36.044000 -25.124000 0.000000
107711 31.620000 35.227000 -26.499000 0.000000
107712 31.550000 36.030000 -26.170000 0.000000
107714 31.367000 35.010000 -26.945000 0.000000
107715 30.920000 35.564000 -27.152000 0.000000
107716 30.270000 36.131000 -27.438000 0.000000
107719 30.419000 35.031000 -27.728000 0.000000
107720 29.901000 35.441000 -28.010000 0.000000
107722 29.492000 35.152000 -28.988000 0.000000
107724 29.257000 35.338000 -29.763000 0.000000
107727 28.890000 35.404000 -30.550000 0.000000
107728 28.487000 35.358000 -31.180000 0.000000
107735 28.129000 35.423000 -31.727000 0.000000
107736 27.726000 35.178000 -32.143000 0.000000
108364 32.875000 36.738000 -6.104000 0.000000
108365 32.274000 36.609000 -6.480000 0.000000
108372 31.593000 36.583000 -6.997000 0.000000
108373 31.086000 36.647000 -7.701000 0.000000
108380 30.703000 36.721000 -8.484000 0.000000
108387 30.513000 36.677000 -9.370000 0.000000
108397 30.536000 36.523000 -10.320000 0.000000
108406 30.699000 36.340000 -11.265000 0.000000
108415 31.044000 36.614000 -12.743000 0.000000
108416 30.907000 36.108000 -12.005000 0.000000
108429 31.371000 36.358000 -13.426000 0.000000
108441 32.151000 36.620000 -14.898000 0.000000
108442 31.744000 36.064000 -14.144000 0.000000
108446 32.936000 36.799000 -16.159000 0.000000
108447 32.570000 36.309000 -15.445000 0.000000
108450 34.189000 36.875000 -16.804000 0.000000
108451 33.527000 36.412000 -16.434000 0.000000
108452 32.900000 35.937000 -16.000000 0.000000
108454 35.251000 36.915000 -17.833000 0.000000
108455 34.732000 36.416000 -17.213000 0.000000
108456 34.063000 35.904000 -16.783000 0.000000
108458 36.474000 36.311000 -19.199000 0.000000
108459 35.991000 36.511000 -18.521000 0.000000
108461 37.538000 35.914000 -20.262000 0.000000
108462 36.941000 36.053000 -19.836000 0.000000
108463 35.959000 36.901000 -19.705000 0.000000
108464 35.273000 37.207000 -19.945000 0.000000
108465 33.250000 37.323000 -19.987000 0.000000
108466 32.646000 37.319000 -20.071000 0.000000
108468 37.780000 35.616000 -20.620000 0.000000
108469 37.111000 35.987000 -21.002000 0.000000
108470 36.043000 36.286000 -20.805000 0.000000
108471 34.949000 36.815000 -20.441000 0.000000
108472 33.692000 36.740000 -20.460000 0.000000
108473 32.459000 36.796000 -20.391000 0.000000
108474 31.198000 36.716000 -20.930000 0.000000
108475 30.567000 37.096000 -21.130000 0.000000
108478 36.705000 35.656000 -21.457000 0.000000
108479 36.335000 35.749000 -21.331000 0.000000
108480 31.025000 36.276000 -21.478000 0.000000
108481 30.357000 36.698000 -21.791000 0.000000
108482 29.750000 37.270000 -22.128000 0.000000
108486 30.109000 36.404000 -22.836000 0.000000
108487 29.708000 37.051000 -22.704000 0.000000
108491 30.256000 36.368000 -23.735000 0.000000
108501 31.202000 36.437000 -26.610000 0.000000
108507 29.255000 36.205000 -28.918000 0.000000
109107 32.996000 37.526000 -5.808000 0.000000
109108 32.425000 37.522000 -6.227000 0.000000
109119 31.808000 37.522000 -6.708000 0.000000
109120 31.236000 37.565000 -7.320000 0.000000
109131 30.742000 37.660000 -8.046000 0.000000
109141 30.398000 37.853000 -9.025000 0.000000
109150 30.343000 37.603000 -10.109000 0.000000
109159 30.486000 37.386000 -11.145000 0.000000
109166 30.931000 37.122000 -12.865000 0.000000
109167 30.775000 37.167000 -12.274000 0.000000
109176 31.122000 37.295000 -13.421000 0.000000
109177 30.873000 37.416000 -12.962000 0.000000
109188 32.075000 37.147000 -15.067000 0.000000
109189 31.719000 37.129000 -14.432000 0.000000
109196 32.863000 37.276000 -16.329000 0.000000
109197 32.479000 37.350000 -15.697000 0.000000
109198 32.052000 37.455000 -15.130000 0.000000
109200 34.079000 37.337000 -16.998000 0.000000
109201 33.429000 37.368000 -16.716000 0.000000
109202 32.837000 37.539000 -16.379000 0.000000
109204 34.964000 37.472000 -18.028000 0.000000
109205 34.418000 37.419000 -17.479000 0.000000
109206 33.947000 37.544000 -17.106000 0.000000
109208 35.347000 37.338000 -18.522000 0.000000
109209 34.509000 37.838000 -18.410000 0.000000
109210 34.058000 38.245000 -18.684000 0.000000
109212 35.748000 37.214000 -19.037000 0.000000
109213 35.037000 37.463000 -19.394000 0.000000
109214 33.854000 37.929000 -19.280000 0.000000
109215 32.545000 37.839000 -19.707000 0.000000
109216 31.483000 38.206000 -19.964000 0.000000
109217 30.938000 38.440000 -20.185000 0.000000
109219 34.921000 37.285000 -19.994000 0.000000
109220 34.302000 37.333000 -19.986000 0.000000
109221 32.346000 37.333000 -20.124000 0.000000
109222 31.744000 37.411000 -20.258000 0.000000
109223 30.582000 37.828000 -20.677000 0.000000
109224 29.887000 38.221000 -21.060000 0.000000
109228 30.268000 37.299000 -21.256000 0.000000
109229 29.782000 37.756000 -21.598000 0.000000
109875 32.675000 38.336000 -5.937000 0.000000
109876 32.136000 38.416000 -6.457000 0.000000
109885 31.545000 38.467000 -7.029000 0.000000
109886 30.958000 38.552000 -7.617000 0.000000
109894 30.558000 38.697000 -8.351000 0.000000
109901 30.306000 38.945000 -9.056000 0.000000
109907 30.165000 38.756000 -9.883000 0.000000
109908 30.009000 39.171000 -10.543000 0.000000
109916 30.172000 38.474000 -10.917000 0.000000
109917 29.971000 39.254000 -11.096000 0.000000
109925 30.442000 38.224000 -11.957000 0.000000
109933 31.020000 37.738000 -13.591000 0.000000
109934 30.794000 38.088000 -13.213000 0.000000
109941 31.270000 37.843000 -14.058000 0.000000
109942 31.120000 38.646000 -14.318000 0.000000
109950 32.404000 37.873000 -15.821000 0.000000
109951 31.968000 38.144000 -15.248000 0.000000
109952 31.453000 39.048000 -15.022000 0.000000
109954 33.303000 37.790000 -16.830000 0.000000
109955 32.819000 38.071000 -16.390000 0.000000
109956 32.329000 38.769000 -15.976000 0.000000
109958 34.100000 37.717000 -17.491000 0.000000
109959 33.688000 37.893000 -17.240000 0.000000
109960 33.082000 38.836000 -17.216000 0.000000
109962 34.148000 37.884000 -17.726000 0.000000
109963 33.711000 38.399000 -18.129000 0.000000
109964 32.689000 39.061000 -18.191000 0.000000
109965 32.060000 39.267000 -18.454000 0.000000
109967 33.733000 38.352000 -18.774000 0.000000
109968 33.108000 38.437000 -18.881000 0.000000
109969 31.952000 38.851000 -19.084000 0.000000
109970 31.123000 38.920000 -19.776000 0.000000
109972 30.554000 38.841000 -20.250000 0.000000
109973 29.958000 38.789000 -20.746000 0.000000
110602 32.616000 39.285000 -6.181000 0.000000
110603 31.957000 39.339000 -6.788000 0.000000
110610 31.342000 39.410000 -7.334000 0.000000
110611 30.724000 39.533000 -7.867000 0.000000
110618 30.371000 39.671000 -8.587000 0.000000
110625 30.058000 39.751000 -9.422000 0.000000
110626 29.760000 40.097000 -10.003000 0.000000
110633 29.941000 39.519000 -10.108000 0.000000
110634 29.772000 39.875000 -10.697000 0.000000
110640 30.165000 39.002000 -11.633000 0.000000
110641 29.875000 39.815000 -11.661000 0.000000
110649 30.293000 39.223000 -12.530000 0.000000
110650 29.973000 40.096000 -12.440000 0.000000
110656 30.601000 39.274000 -13.638000 0.000000
110662 30.859000 39.535000 -14.568000 0.000000
110670 31.870000 39.061000 -15.573000 0.000000
110671 31.253000 39.715000 -15.508000 0.000000
110677 32.646000 38.946000 -16.509000 0.000000
110678 32.047000 39.413000 -16.259000 0.000000
110679 31.399000 40.055000 -16.432000 0.000000
110681 32.517000 39.321000 -16.878000 0.000000
110682 32.009000 39.727000 -17.037000 0.000000
110683 31.359000 40.149000 -17.330000 0.000000
110685 32.489000 39.364000 -17.444000 0.000000
110686 31.926000 39.602000 -17.902000 0.000000
110687 31.227000 40.088000 -18.231000 0.000000
110689 31.656000 39.524000 -18.592000 0.000000
110690 31.052000 39.741000 -19.168000 0.000000
110691 30.538000 40.005000 -19.668000 0.000000
110693 30.693000 39.448000 -19.854000 0.000000
111273 32.434000 40.186000 -6.643000 0.000000
111274 31.813000 40.234000 -7.149000 0.000000
111281 31.170000 40.338000 -7.592000 0.000000
111282 30.615000 40.470000 -8.130000 0.000000
111287 30.203000 40.621000 -8.824000 0.000000
111293 29.859000 40.720000 -9.573000 0.000000
111294 29.666000 40.740000 -10.323000 0.000000
111300 29.637000 40.688000 -11.152000 0.000000
111307 29.692000 40.706000 -12.009000 0.000000
111316 30.227000 40.039000 -13.166000 0.000000
111317 29.850000 40.734000 -12.828000 0.000000
111323 30.450000 40.131000 -13.996000 0.000000
111324 30.144000 40.739000 -13.626000 0.000000
111330 30.559000 40.494000 -14.803000 0.000000
111331 30.345000 40.690000 -14.191000 0.000000
111337 30.794000 40.523000 -15.783000 0.000000
111343 30.822000 40.632000 -16.702000 0.000000
111926 32.843000 41.108000 -6.714000 0.000000
111927 32.246000 40.861000 -7.024000 0.000000
111934 32.419000 41.464000 -7.165000 0.000000
111935 31.770000 41.253000 -7.488000 0.000000
111936 31.088000 41.058000 -7.886000 0.000000
111942 31.361000 41.652000 -7.978000 0.000000
111943 30.708000 41.507000 -8.392000 0.000000
111950 30.112000 41.570000 -9.145000 0.000000
111951 29.755000 41.566000 -9.899000 0.000000
111958 29.604000 41.550000 -10.698000 0.000000
111967 29.558000 41.526000 -11.553000 0.000000
111974 29.603000 41.475000 -12.412000 0.000000
111980 29.774000 41.448000 -13.281000 0.000000
111986 30.403000 40.988000 -14.782000 0.000000
111987 30.114000 41.334000 -14.390000 0.000000
111993 30.419000 41.070000 -15.191000 0.000000
112602 31.782000 41.933000 -7.828000 0.000000
112611 30.599000 42.472000 -8.945000 0.000000
112617 30.055000 42.413000 -9.607000 0.000000
112618 29.738000 42.386000 -10.274000 0.000000
112624 29.513000 42.428000 -11.086000 0.000000
112632 29.465000 42.343000 -12.030000 0.000000
112637 29.521000 42.141000 -12.821000 0.000000
112643 29.608000 42.305000 -13.647000 0.000000
113269 29.971000 42.931000 -9.984000 0.000000
113277 29.766000 43.419000 -10.517000 0.000000
113287 29.463000 43.339000 -11.621000 0.000000
113297 29.430000 43.143000 -12.781000 0.000000
