#!ascii label  , from subject cvs_avg35_inMNI152 vox2ras=TkReg + !ascii label  , from subject cvs_avg35_inMNI152 vox2ras=TkReg + !ascii label  , from subject cvs_avg35_inMNI152 vox2ras=TkReg + !ascii label  , from subject cvs_avg35_inMNI152 vox2ras=TkReg + !ascii label  , from subject cvs_avg35_inMNI152 vox2ras=TkReg + !ascii label  , from subject cvs_avg35_inMNI152 vox2ras=TkReg + !ascii label  , from subject cvs_avg35_inMNI152 vox2ras=TkReg
2928
55189 -30.752000 -17.070000 0.773000 0.000000
55196 -30.839000 -17.025000 -0.138000 0.000000
55197 -31.281000 -17.598000 -0.352000 0.000000
55200 -31.081000 -16.951000 -0.787000 0.000000
56362 -30.038000 -15.800000 1.249000 0.000000
56363 -30.445000 -16.131000 1.802000 0.000000
56370 -29.841000 -15.855000 0.567000 0.000000
56371 -30.289000 -16.421000 1.044000 0.000000
56378 -29.847000 -15.852000 -0.302000 0.000000
56379 -30.293000 -16.468000 0.147000 0.000000
56382 -29.926000 -15.719000 -0.867000 0.000000
56383 -30.527000 -16.237000 -1.010000 0.000000
56384 -31.084000 -16.706000 -1.235000 0.000000
56387 -30.755000 -15.947000 -1.739000 0.000000
56388 -31.152000 -16.404000 -1.937000 0.000000
57626 -30.741000 -15.361000 2.355000 0.000000
57636 -29.710000 -15.049000 1.030000 0.000000
57637 -30.193000 -15.377000 1.654000 0.000000
57646 -29.466000 -15.166000 0.113000 0.000000
57654 -29.524000 -15.256000 -0.713000 0.000000
57660 -29.908000 -15.423000 -1.428000 0.000000
57661 -30.442000 -15.700000 -1.713000 0.000000
57664 -30.193000 -15.349000 -2.049000 0.000000
57665 -30.755000 -15.528000 -2.322000 0.000000
58997 -30.807000 -14.262000 2.308000 0.000000
59007 -29.735000 -14.150000 1.044000 0.000000
59008 -30.213000 -14.453000 1.682000 0.000000
59016 -29.424000 -14.295000 0.416000 0.000000
59024 -28.926000 -14.029000 -1.153000 0.000000
59025 -29.184000 -14.368000 -0.469000 0.000000
59033 -28.860000 -14.137000 -1.856000 0.000000
59034 -29.256000 -14.723000 -1.316000 0.000000
59036 -28.899000 -14.036000 -2.696000 0.000000
59037 -29.597000 -14.823000 -2.297000 0.000000
59038 -30.253000 -15.154000 -2.452000 0.000000
59040 -28.886000 -13.772000 -3.437000 0.000000
59041 -29.446000 -14.339000 -3.281000 0.000000
59042 -30.412000 -14.878000 -3.150000 0.000000
59048 -28.876000 -13.581000 -3.891000 0.000000
59049 -29.228000 -13.879000 -3.966000 0.000000
59050 -29.955000 -14.269000 -4.021000 0.000000
60351 -30.571000 -13.448000 1.856000 0.000000
60352 -31.330000 -13.429000 2.470000 0.000000
60361 -29.566000 -13.450000 0.647000 0.000000
60362 -29.992000 -13.455000 1.277000 0.000000
60369 -29.227000 -13.506000 -0.036000 0.000000
60376 -28.683000 -13.370000 -1.472000 0.000000
60377 -28.936000 -13.435000 -0.745000 0.000000
60386 -28.585000 -13.408000 -2.245000 0.000000
60388 -28.570000 -13.343000 -2.998000 0.000000
60394 -28.623000 -13.248000 -3.716000 0.000000
60404 -28.899000 -13.350000 -4.434000 0.000000
60405 -29.570000 -13.728000 -4.637000 0.000000
60423 -29.247000 -13.316000 -5.107000 0.000000
61672 -30.889000 -12.461000 1.894000 0.000000
61673 -31.609000 -12.307000 2.378000 0.000000
61693 -29.749000 -12.615000 0.871000 0.000000
61694 -30.251000 -12.596000 1.401000 0.000000
61709 -29.363000 -12.649000 0.206000 0.000000
61717 -28.715000 -12.494000 -1.056000 0.000000
61718 -29.058000 -12.805000 -0.392000 0.000000
61729 -28.494000 -12.637000 -1.910000 0.000000
61738 -28.439000 -12.794000 -2.591000 0.000000
61748 -28.401000 -12.635000 -3.285000 0.000000
61754 -28.459000 -12.632000 -4.202000 0.000000
61758 -28.792000 -12.704000 -5.335000 0.000000
61759 -29.373000 -13.091000 -5.535000 0.000000
61766 -28.847000 -12.208000 -6.423000 0.000000
61767 -29.657000 -12.879000 -6.270000 0.000000
61777 -28.783000 -11.875000 -7.040000 0.000000
61778 -29.385000 -12.196000 -7.463000 0.000000
61790 -29.581000 -11.827000 -8.423000 0.000000
61791 -30.186000 -12.290000 -8.374000 0.000000
61806 -29.590000 -11.544000 -8.888000 0.000000
61807 -30.007000 -11.814000 -9.211000 0.000000
61808 -30.676000 -12.215000 -9.221000 0.000000
61823 -30.183000 -11.609000 -9.695000 0.000000
61824 -30.464000 -11.816000 -9.786000 0.000000
61825 -30.992000 -12.105000 -9.897000 0.000000
62951 -31.065000 -11.329000 1.994000 0.000000
62952 -31.856000 -11.395000 2.504000 0.000000
62953 -32.523000 -11.508000 2.750000 0.000000
62974 -29.919000 -11.975000 1.077000 0.000000
62975 -30.359000 -11.624000 1.402000 0.000000
62996 -29.541000 -11.587000 0.459000 0.000000
62997 -29.922000 -11.512000 0.999000 0.000000
63011 -28.726000 -11.431000 -1.067000 0.000000
63012 -29.054000 -11.948000 -0.381000 0.000000
63023 -28.525000 -11.837000 -1.655000 0.000000
63036 -28.379000 -11.902000 -2.550000 0.000000
63043 -28.297000 -11.809000 -3.654000 0.000000
63046 -28.317000 -11.844000 -4.692000 0.000000
63049 -28.455000 -11.719000 -5.665000 0.000000
63051 -28.539000 -11.471000 -6.567000 0.000000
63059 -28.741000 -11.374000 -7.561000 0.000000
63060 -29.199000 -11.688000 -8.002000 0.000000
63072 -28.751000 -10.906000 -8.116000 0.000000
63073 -29.167000 -11.244000 -8.508000 0.000000
63087 -29.630000 -11.174000 -9.349000 0.000000
63088 -29.995000 -11.475000 -9.605000 0.000000
63104 -29.751000 -10.753000 -9.835000 0.000000
63105 -30.158000 -11.211000 -10.086000 0.000000
63106 -30.808000 -11.640000 -10.399000 0.000000
63120 -30.546000 -11.103000 -10.769000 0.000000
63121 -31.156000 -11.279000 -11.170000 0.000000
63134 -31.674000 -11.012000 -11.731000 0.000000
64166 -32.605000 -9.963000 3.115000 0.000000
64180 -30.893000 -10.409000 1.938000 0.000000
64181 -31.369000 -10.521000 2.325000 0.000000
64182 -32.217000 -10.507000 2.837000 0.000000
64197 -30.480000 -10.616000 1.478000 0.000000
64216 -29.563000 -10.401000 0.288000 0.000000
64217 -29.975000 -10.922000 0.925000 0.000000
64236 -28.756000 -10.859000 -1.131000 0.000000
64237 -29.047000 -10.779000 -0.561000 0.000000
64258 -28.589000 -10.767000 -1.798000 0.000000
64259 -28.814000 -10.550000 -1.192000 0.000000
64269 -28.389000 -10.861000 -3.041000 0.000000
64272 -28.286000 -10.957000 -4.157000 0.000000
64277 -28.294000 -11.107000 -5.053000 0.000000
64282 -28.365000 -10.847000 -5.837000 0.000000
64286 -28.434000 -10.658000 -6.796000 0.000000
64294 -28.572000 -10.480000 -7.684000 0.000000
64306 -28.864000 -10.387000 -8.573000 0.000000
64307 -29.237000 -10.792000 -8.979000 0.000000
64320 -28.944000 -9.949000 -9.028000 0.000000
64321 -29.329000 -10.296000 -9.449000 0.000000
64337 -29.887000 -10.278000 -10.404000 0.000000
64338 -30.264000 -10.762000 -10.662000 0.000000
64352 -30.026000 -9.884000 -10.993000 0.000000
64353 -30.455000 -10.402000 -11.321000 0.000000
64354 -31.161000 -10.709000 -11.785000 0.000000
64369 -30.932000 -10.223000 -12.140000 0.000000
64370 -31.621000 -10.519000 -12.441000 0.000000
64371 -32.392000 -10.706000 -12.683000 0.000000
64385 -31.955000 -10.278000 -13.055000 0.000000
64386 -32.477000 -10.371000 -13.375000 0.000000
64402 -32.783000 -10.260000 -13.905000 0.000000
64403 -33.412000 -10.407000 -14.197000 0.000000
64424 -33.716000 -10.225000 -14.815000 0.000000
64425 -34.377000 -10.319000 -15.223000 0.000000
65404 -32.847000 -9.420000 3.309000 0.000000
65423 -31.002000 -10.002000 2.124000 0.000000
65424 -31.316000 -9.497000 2.365000 0.000000
65425 -32.124000 -9.400000 2.969000 0.000000
65435 -30.666000 -9.602000 1.629000 0.000000
65436 -30.935000 -9.041000 1.858000 0.000000
65446 -29.657000 -9.628000 0.265000 0.000000
65447 -30.032000 -9.867000 0.851000 0.000000
65458 -29.341000 -9.747000 -0.369000 0.000000
65476 -28.742000 -9.995000 -1.897000 0.000000
65477 -28.957000 -9.890000 -1.349000 0.000000
65488 -28.709000 -9.819000 -2.522000 0.000000
65489 -28.894000 -9.635000 -1.987000 0.000000
65494 -28.505000 -10.024000 -3.634000 0.000000
65499 -28.452000 -10.171000 -4.879000 0.000000
65504 -28.489000 -9.936000 -6.031000 0.000000
65508 -28.516000 -9.785000 -7.033000 0.000000
65511 -28.615000 -9.687000 -7.942000 0.000000
65519 -28.792000 -9.571000 -8.680000 0.000000
65527 -29.057000 -9.476000 -9.291000 0.000000
65528 -29.423000 -9.451000 -10.005000 0.000000
65540 -29.749000 -9.392000 -10.765000 0.000000
65551 -30.097000 -9.434000 -11.402000 0.000000
65552 -30.523000 -9.563000 -12.104000 0.000000
65565 -31.122000 -9.733000 -12.817000 0.000000
65566 -31.605000 -10.042000 -13.001000 0.000000
65578 -31.111000 -9.196000 -13.298000 0.000000
65579 -31.765000 -9.595000 -13.616000 0.000000
65580 -32.373000 -9.965000 -13.871000 0.000000
65594 -31.885000 -9.167000 -14.231000 0.000000
65595 -32.513000 -9.578000 -14.517000 0.000000
65596 -33.219000 -9.970000 -14.760000 0.000000
65614 -32.645000 -9.127000 -15.178000 0.000000
65615 -33.290000 -9.574000 -15.423000 0.000000
65616 -34.072000 -9.922000 -15.941000 0.000000
65638 -33.693000 -9.312000 -16.316000 0.000000
65639 -34.501000 -9.764000 -16.597000 0.000000
65640 -35.163000 -9.817000 -17.000000 0.000000
65654 -33.984000 -9.095000 -16.975000 0.000000
65655 -34.672000 -9.217000 -17.394000 0.000000
65656 -35.429000 -9.534000 -17.534000 0.000000
65657 -36.204000 -9.701000 -17.615000 0.000000
65666 -35.091000 -9.050000 -17.916000 0.000000
65667 -35.662000 -9.182000 -18.151000 0.000000
65668 -36.471000 -9.289000 -18.377000 0.000000
65683 -36.831000 -9.030000 -18.881000 0.000000
66611 -33.133000 -8.731000 3.492000 0.000000
66631 -31.700000 -8.607000 2.579000 0.000000
66632 -32.445000 -8.401000 3.025000 0.000000
66645 -30.699000 -8.734000 1.475000 0.000000
66646 -31.132000 -8.365000 1.910000 0.000000
66657 -29.851000 -9.275000 0.485000 0.000000
66658 -30.175000 -8.733000 0.778000 0.000000
66672 -29.661000 -8.957000 -0.021000 0.000000
66673 -29.939000 -8.205000 0.015000 0.000000
66685 -29.380000 -8.977000 -0.949000 0.000000
66694 -28.931000 -9.333000 -2.607000 0.000000
66695 -29.205000 -8.927000 -2.211000 0.000000
66702 -28.876000 -9.296000 -3.096000 0.000000
66703 -29.278000 -8.590000 -3.476000 0.000000
66706 -28.835000 -9.265000 -4.160000 0.000000
66707 -29.327000 -8.486000 -4.597000 0.000000
66710 -28.818000 -9.190000 -5.288000 0.000000
66711 -29.322000 -8.374000 -5.713000 0.000000
66713 -28.786000 -9.061000 -6.367000 0.000000
66714 -29.216000 -8.273000 -6.798000 0.000000
66717 -28.759000 -8.974000 -7.361000 0.000000
66718 -29.082000 -8.242000 -7.798000 0.000000
66720 -28.776000 -8.938000 -8.241000 0.000000
66721 -29.055000 -8.307000 -8.699000 0.000000
66728 -28.884000 -8.967000 -8.918000 0.000000
66729 -29.196000 -8.609000 -9.562000 0.000000
66743 -29.520000 -8.636000 -10.446000 0.000000
66755 -29.832000 -8.658000 -11.177000 0.000000
66756 -30.223000 -8.695000 -11.899000 0.000000
66771 -30.614000 -8.805000 -12.838000 0.000000
66784 -31.162000 -8.586000 -13.747000 0.000000
66785 -31.614000 -8.960000 -14.072000 0.000000
66798 -31.233000 -8.097000 -14.182000 0.000000
66799 -31.792000 -8.470000 -14.592000 0.000000
66800 -32.350000 -8.896000 -15.002000 0.000000
66812 -32.003000 -7.925000 -15.130000 0.000000
66813 -32.553000 -8.384000 -15.645000 0.000000
66814 -33.196000 -8.923000 -16.045000 0.000000
66832 -32.832000 -7.813000 -16.363000 0.000000
66833 -33.369000 -8.349000 -16.692000 0.000000
66845 -34.091000 -8.464000 -17.495000 0.000000
66846 -34.673000 -8.518000 -17.994000 0.000000
66856 -35.177000 -8.618000 -18.354000 0.000000
66857 -35.789000 -8.568000 -18.860000 0.000000
66858 -36.415000 -8.853000 -18.914000 0.000000
66873 -35.913000 -8.154000 -19.345000 0.000000
66874 -36.611000 -8.433000 -19.488000 0.000000
66888 -36.800000 -8.004000 -20.057000 0.000000
67801 -33.141000 -7.913000 3.341000 0.000000
67802 -33.807000 -7.304000 3.567000 0.000000
67803 -34.450000 -7.336000 3.926000 0.000000
67816 -31.780000 -7.439000 2.297000 0.000000
67817 -32.670000 -7.342000 2.831000 0.000000
67818 -33.209000 -7.290000 3.143000 0.000000
67827 -30.663000 -7.978000 1.153000 0.000000
67828 -31.131000 -7.362000 1.396000 0.000000
67837 -30.439000 -7.498000 0.301000 0.000000
67838 -30.797000 -7.368000 0.825000 0.000000
67852 -29.727000 -8.378000 -0.554000 0.000000
67853 -30.051000 -7.682000 -0.559000 0.000000
67865 -29.692000 -8.178000 -1.277000 0.000000
67866 -30.126000 -7.357000 -1.388000 0.000000
67876 -29.779000 -7.900000 -2.013000 0.000000
67877 -30.195000 -7.243000 -2.312000 0.000000
67885 -29.735000 -7.910000 -2.871000 0.000000
67886 -30.324000 -7.206000 -3.272000 0.000000
67889 -29.826000 -7.817000 -3.923000 0.000000
67890 -30.504000 -7.143000 -4.290000 0.000000
67893 -29.932000 -7.740000 -5.014000 0.000000
67894 -30.586000 -7.011000 -5.330000 0.000000
67897 -29.924000 -7.528000 -6.202000 0.000000
67898 -30.564000 -6.814000 -6.169000 0.000000
67902 -29.595000 -7.540000 -7.349000 0.000000
67905 -29.423000 -7.572000 -8.343000 0.000000
67910 -29.383000 -7.691000 -9.274000 0.000000
67923 -29.497000 -7.848000 -10.149000 0.000000
67939 -29.707000 -7.955000 -10.889000 0.000000
67940 -30.004000 -7.944000 -11.517000 0.000000
67952 -30.306000 -7.901000 -12.330000 0.000000
67964 -30.619000 -7.879000 -13.240000 0.000000
67978 -30.920000 -7.754000 -13.905000 0.000000
67979 -31.273000 -7.663000 -14.348000 0.000000
67992 -31.665000 -7.542000 -14.819000 0.000000
67993 -32.093000 -7.417000 -15.416000 0.000000
68009 -32.557000 -7.220000 -16.180000 0.000000
68010 -33.044000 -7.296000 -16.827000 0.000000
68021 -33.747000 -7.444000 -17.752000 0.000000
68022 -34.299000 -8.036000 -18.014000 0.000000
68031 -34.028000 -7.061000 -18.449000 0.000000
68032 -34.772000 -7.672000 -18.769000 0.000000
68033 -35.544000 -7.998000 -19.197000 0.000000
68048 -35.047000 -7.149000 -19.502000 0.000000
68049 -35.758000 -7.532000 -19.781000 0.000000
68050 -36.467000 -7.863000 -19.989000 0.000000
68063 -36.013000 -7.071000 -20.410000 0.000000
68064 -36.730000 -7.389000 -20.569000 0.000000
68078 -36.971000 -6.912000 -21.171000 0.000000
68944 -33.869000 -6.330000 3.363000 0.000000
68945 -34.592000 -6.549000 3.852000 0.000000
68946 -35.016000 -5.959000 3.970000 0.000000
68955 -31.850000 -6.757000 2.113000 0.000000
68956 -32.271000 -6.424000 2.308000 0.000000
68957 -33.199000 -6.556000 2.940000 0.000000
68964 -31.634000 -6.458000 1.625000 0.000000
68965 -32.015000 -5.937000 1.882000 0.000000
68973 -30.642000 -6.919000 0.098000 0.000000
68974 -30.955000 -6.654000 0.465000 0.000000
68983 -30.626000 -6.683000 -0.490000 0.000000
68984 -30.864000 -6.343000 -0.107000 0.000000
68992 -30.521000 -6.597000 -1.661000 0.000000
68997 -30.658000 -6.550000 -2.637000 0.000000
69002 -30.901000 -6.537000 -3.577000 0.000000
69005 -31.198000 -6.340000 -4.607000 0.000000
69006 -31.586000 -5.951000 -4.856000 0.000000
69009 -31.156000 -6.264000 -5.643000 0.000000
69010 -31.433000 -6.075000 -5.126000 0.000000
69013 -30.188000 -6.852000 -6.981000 0.000000
69014 -30.822000 -6.250000 -6.610000 0.000000
69017 -29.894000 -6.853000 -7.964000 0.000000
69018 -30.486000 -6.189000 -7.575000 0.000000
69021 -29.767000 -6.938000 -8.941000 0.000000
69022 -30.226000 -6.221000 -8.573000 0.000000
69026 -29.741000 -7.087000 -9.868000 0.000000
69027 -30.106000 -6.341000 -9.529000 0.000000
69035 -29.838000 -7.328000 -10.703000 0.000000
69036 -30.088000 -6.608000 -10.466000 0.000000
69051 -29.931000 -7.554000 -11.171000 0.000000
69052 -30.159000 -7.133000 -11.569000 0.000000
69065 -30.469000 -7.214000 -12.791000 0.000000
69081 -30.742000 -7.246000 -13.581000 0.000000
69094 -30.972000 -7.278000 -14.070000 0.000000
69095 -31.263000 -7.116000 -14.411000 0.000000
69112 -31.696000 -6.956000 -14.974000 0.000000
69113 -32.228000 -6.737000 -15.701000 0.000000
69129 -32.660000 -6.353000 -16.509000 0.000000
69130 -32.825000 -6.752000 -16.687000 0.000000
69141 -32.835000 -5.877000 -16.977000 0.000000
69142 -33.071000 -6.318000 -17.304000 0.000000
69152 -33.620000 -6.352000 -18.367000 0.000000
69153 -34.127000 -6.766000 -18.878000 0.000000
69167 -33.894000 -6.159000 -19.183000 0.000000
69168 -34.546000 -6.557000 -19.565000 0.000000
69169 -35.145000 -6.822000 -19.901000 0.000000
69184 -34.904000 -6.319000 -20.187000 0.000000
69185 -35.510000 -6.550000 -20.483000 0.000000
69186 -36.106000 -6.756000 -20.765000 0.000000
69203 -35.867000 -6.270000 -21.027000 0.000000
69204 -36.475000 -6.453000 -21.298000 0.000000
69222 -36.816000 -6.127000 -21.831000 0.000000
70182 -34.211000 -5.771000 3.428000 0.000000
70183 -34.737000 -5.510000 3.651000 0.000000
70184 -35.448000 -5.328000 3.985000 0.000000
70192 -32.920000 -5.678000 2.527000 0.000000
70193 -33.637000 -5.481000 2.990000 0.000000
70201 -31.924000 -5.606000 1.500000 0.000000
70202 -32.413000 -5.325000 1.955000 0.000000
70212 -31.528000 -5.622000 0.803000 0.000000
70221 -30.878000 -6.163000 -0.639000 0.000000
70222 -31.145000 -5.778000 -0.327000 0.000000
70228 -30.886000 -6.063000 -1.090000 0.000000
70229 -31.252000 -5.318000 -1.377000 0.000000
70231 -30.900000 -5.890000 -2.019000 0.000000
70232 -31.425000 -5.232000 -2.332000 0.000000
70235 -31.196000 -5.936000 -2.920000 0.000000
70236 -31.724000 -5.338000 -3.251000 0.000000
70238 -31.422000 -5.987000 -3.722000 0.000000
70239 -31.868000 -5.601000 -4.298000 0.000000
70241 -31.425000 -5.936000 -5.724000 0.000000
70242 -31.776000 -5.685000 -5.392000 0.000000
70244 -31.376000 -5.845000 -6.136000 0.000000
70245 -31.817000 -5.300000 -6.289000 0.000000
70248 -31.207000 -5.491000 -7.103000 0.000000
70249 -31.731000 -4.963000 -6.891000 0.000000
70252 -30.760000 -5.532000 -8.174000 0.000000
70254 -30.541000 -5.597000 -9.132000 0.000000
70258 -30.415000 -5.758000 -10.003000 0.000000
70270 -30.334000 -6.208000 -10.957000 0.000000
70284 -30.469000 -6.725000 -12.456000 0.000000
70285 -31.187000 -4.831000 -12.882000 0.000000
70300 -30.721000 -6.822000 -13.431000 0.000000
70301 -30.769000 -6.600000 -13.395000 0.000000
70315 -30.932000 -6.953000 -13.970000 0.000000
70316 -31.187000 -6.751000 -14.244000 0.000000
70335 -31.880000 -6.608000 -15.223000 0.000000
70336 -32.419000 -6.290000 -16.030000 0.000000
70350 -32.728000 -5.705000 -16.826000 0.000000
70359 -32.915000 -5.439000 -17.370000 0.000000
70360 -33.182000 -5.447000 -18.071000 0.000000
70372 -33.520000 -5.485000 -19.003000 0.000000
70382 -34.016000 -5.620000 -20.002000 0.000000
70383 -34.543000 -6.039000 -20.160000 0.000000
70392 -34.190000 -5.272000 -20.638000 0.000000
70393 -34.846000 -5.631000 -20.830000 0.000000
70394 -35.492000 -6.008000 -20.989000 0.000000
70405 -35.171000 -5.243000 -21.487000 0.000000
70406 -35.780000 -5.599000 -21.625000 0.000000
70407 -36.415000 -5.903000 -21.774000 0.000000
70417 -36.014000 -5.256000 -22.158000 0.000000
70418 -36.593000 -5.465000 -22.365000 0.000000
70429 -36.669000 -4.993000 -22.862000 0.000000
70430 -37.206000 -5.058000 -23.073000 0.000000
71383 -34.295000 -5.001000 3.278000 0.000000
71384 -34.948000 -4.465000 3.390000 0.000000
71385 -35.852000 -4.264000 3.660000 0.000000
71404 -33.168000 -4.623000 2.398000 0.000000
71405 -33.949000 -4.446000 2.920000 0.000000
71406 -34.439000 -4.394000 3.147000 0.000000
71417 -32.093000 -4.702000 1.191000 0.000000
71418 -32.614000 -4.340000 1.794000 0.000000
71428 -31.648000 -4.624000 0.270000 0.000000
71430 -31.488000 -4.488000 -0.733000 0.000000
71432 -31.523000 -4.411000 -1.751000 0.000000
71434 -31.855000 -4.465000 -2.685000 0.000000
71437 -32.249000 -4.615000 -3.658000 0.000000
71440 -32.524000 -4.805000 -4.723000 0.000000
71441 -32.771000 -4.370000 -5.273000 0.000000
71443 -32.424000 -4.936000 -5.688000 0.000000
71444 -32.900000 -4.308000 -5.956000 0.000000
71446 -32.279000 -4.702000 -6.490000 0.000000
71447 -32.705000 -4.099000 -6.772000 0.000000
71450 -31.531000 -4.948000 -7.296000 0.000000
71451 -31.958000 -4.424000 -7.357000 0.000000
71452 -32.515000 -3.839000 -7.399000 0.000000
71454 -31.329000 -4.924000 -7.840000 0.000000
71455 -31.626000 -4.264000 -8.314000 0.000000
71459 -31.085000 -4.924000 -8.736000 0.000000
71460 -31.426000 -4.240000 -9.151000 0.000000
71464 -30.893000 -4.970000 -9.542000 0.000000
71465 -31.243000 -4.314000 -9.748000 0.000000
71470 -30.782000 -5.092000 -10.104000 0.000000
71471 -31.163000 -4.373000 -9.986000 0.000000
71483 -30.955000 -4.919000 -11.671000 0.000000
71484 -31.217000 -4.380000 -12.358000 0.000000
71497 -31.410000 -4.288000 -13.232000 0.000000
71517 -31.646000 -4.432000 -14.116000 0.000000
71518 -31.948000 -4.136000 -14.803000 0.000000
71538 -31.846000 -4.865000 -14.807000 0.000000
71539 -32.178000 -4.497000 -15.457000 0.000000
71551 -32.521000 -4.467000 -16.262000 0.000000
71559 -32.831000 -5.068000 -17.459000 0.000000
71560 -32.943000 -4.840000 -17.871000 0.000000
71570 -33.188000 -4.788000 -18.735000 0.000000
71581 -33.506000 -4.856000 -19.736000 0.000000
71590 -33.832000 -4.840000 -20.614000 0.000000
71591 -34.278000 -5.022000 -21.035000 0.000000
71601 -34.095000 -4.597000 -21.227000 0.000000
71602 -34.794000 -4.708000 -21.655000 0.000000
71603 -35.342000 -5.061000 -21.817000 0.000000
71614 -35.068000 -4.296000 -22.221000 0.000000
71615 -35.706000 -4.707000 -22.456000 0.000000
71616 -36.366000 -4.921000 -22.739000 0.000000
71626 -35.948000 -4.189000 -23.146000 0.000000
71627 -36.541000 -4.517000 -23.218000 0.000000
71628 -37.612000 -4.419000 -23.806000 0.000000
71636 -37.891000 -3.985000 -24.295000 0.000000
72588 -34.959000 -3.924000 3.191000 0.000000
72589 -35.332000 -3.621000 3.213000 0.000000
72590 -36.296000 -3.303000 3.219000 0.000000
72609 -32.999000 -3.545000 2.027000 0.000000
72610 -33.714000 -3.566000 2.545000 0.000000
72611 -34.614000 -3.679000 2.990000 0.000000
72612 -35.106000 -3.166000 3.012000 0.000000
72636 -31.985000 -3.848000 0.712000 0.000000
72637 -32.438000 -3.524000 1.349000 0.000000
72652 -31.684000 -3.316000 -0.041000 0.000000
72653 -32.089000 -3.096000 0.760000 0.000000
72659 -31.560000 -3.456000 -1.189000 0.000000
72661 -31.680000 -3.513000 -2.181000 0.000000
72663 -32.079000 -3.568000 -3.123000 0.000000
72665 -32.568000 -3.607000 -4.229000 0.000000
72666 -32.784000 -3.039000 -4.684000 0.000000
72669 -32.787000 -4.112000 -4.837000 0.000000
72670 -33.009000 -3.532000 -5.253000 0.000000
72672 -33.300000 -3.582000 -6.313000 0.000000
72674 -33.039000 -3.512000 -7.140000 0.000000
72677 -32.165000 -3.745000 -7.965000 0.000000
72678 -32.661000 -3.338000 -7.793000 0.000000
72680 -32.076000 -3.428000 -8.732000 0.000000
72681 -32.404000 -3.296000 -8.250000 0.000000
72685 -31.736000 -3.531000 -9.426000 0.000000
72687 -31.539000 -3.746000 -9.761000 0.000000
72691 -31.445000 -3.437000 -11.946000 0.000000
72698 -31.522000 -3.476000 -12.847000 0.000000
72712 -31.690000 -3.482000 -13.670000 0.000000
72729 -31.920000 -3.439000 -14.428000 0.000000
72730 -32.164000 -3.460000 -15.153000 0.000000
72745 -32.406000 -3.567000 -15.879000 0.000000
72759 -32.654000 -3.569000 -16.588000 0.000000
72766 -32.805000 -4.675000 -17.855000 0.000000
72767 -32.994000 -4.604000 -18.282000 0.000000
72773 -33.183000 -4.525000 -18.831000 0.000000
72782 -33.372000 -4.423000 -19.613000 0.000000
72791 -33.563000 -4.348000 -20.463000 0.000000
72800 -33.776000 -4.336000 -21.078000 0.000000
72801 -34.158000 -4.160000 -21.619000 0.000000
72812 -34.703000 -3.895000 -22.197000 0.000000
72813 -35.170000 -3.989000 -22.564000 0.000000
72823 -35.035000 -3.507000 -22.707000 0.000000
72824 -35.538000 -3.660000 -23.152000 0.000000
72825 -36.200000 -3.786000 -23.529000 0.000000
72826 -36.817000 -3.915000 -23.822000 0.000000
72835 -35.954000 -3.233000 -23.715000 0.000000
72836 -36.475000 -3.299000 -24.095000 0.000000
72837 -37.330000 -3.549000 -24.363000 0.000000
73664 -35.597000 -2.513000 3.019000 0.000000
73665 -36.655000 -2.340000 2.807000 0.000000
73672 -32.830000 -2.830000 1.711000 0.000000
73673 -33.402000 -2.445000 2.163000 0.000000
73674 -34.252000 -2.693000 2.681000 0.000000
73675 -34.875000 -2.815000 2.911000 0.000000
73698 -32.495000 -2.349000 1.180000 0.000000
73699 -32.922000 -2.333000 1.703000 0.000000
73724 -31.837000 -2.171000 -0.072000 0.000000
73725 -32.023000 -2.488000 0.468000 0.000000
73741 -31.642000 -2.461000 -0.782000 0.000000
73745 -31.606000 -2.570000 -1.686000 0.000000
73747 -31.752000 -2.601000 -2.614000 0.000000
73749 -32.143000 -2.582000 -3.512000 0.000000
73750 -32.548000 -2.481000 -4.308000 0.000000
73753 -32.968000 -2.473000 -5.017000 0.000000
73756 -33.564000 -2.522000 -5.949000 0.000000
73757 -33.847000 -1.947000 -6.352000 0.000000
73760 -33.559000 -2.935000 -6.927000 0.000000
73761 -33.912000 -2.197000 -6.834000 0.000000
73764 -33.127000 -2.968000 -7.596000 0.000000
73765 -33.558000 -2.347000 -7.731000 0.000000
73769 -32.372000 -2.949000 -8.825000 0.000000
73770 -32.755000 -2.648000 -8.453000 0.000000
73771 -33.306000 -2.169000 -8.302000 0.000000
73775 -32.315000 -2.741000 -9.138000 0.000000
73776 -32.639000 -2.314000 -8.992000 0.000000
73778 -32.070000 -2.780000 -9.549000 0.000000
73780 -31.702000 -2.602000 -11.552000 0.000000
73786 -31.697000 -2.623000 -12.487000 0.000000
73801 -31.769000 -2.679000 -13.292000 0.000000
73815 -31.939000 -2.622000 -14.001000 0.000000
73816 -32.163000 -2.551000 -14.743000 0.000000
73829 -32.379000 -2.620000 -15.549000 0.000000
73844 -32.554000 -2.822000 -16.211000 0.000000
73856 -32.753000 -2.635000 -16.848000 0.000000
73857 -32.978000 -2.586000 -17.604000 0.000000
73865 -33.175000 -2.512000 -18.297000 0.000000
73874 -33.359000 -2.453000 -19.022000 0.000000
73882 -33.518000 -4.115000 -20.451000 0.000000
73891 -33.833000 -3.924000 -21.314000 0.000000
73892 -34.277000 -3.661000 -21.996000 0.000000
73903 -34.370000 -3.359000 -22.166000 0.000000
73904 -34.706000 -3.252000 -22.584000 0.000000
73914 -35.158000 -3.045000 -23.133000 0.000000
73915 -35.581000 -2.893000 -23.666000 0.000000
73923 -36.030000 -2.706000 -24.193000 0.000000
73924 -36.724000 -2.571000 -24.758000 0.000000
73925 -37.736000 -2.877000 -24.879000 0.000000
73935 -36.777000 -2.014000 -25.142000 0.000000
73936 -37.288000 -2.138000 -25.237000 0.000000
73937 -38.215000 -2.315000 -25.333000 0.000000
74716 -34.703000 -1.037000 2.969000 0.000000
74717 -35.431000 -1.320000 3.141000 0.000000
74718 -36.285000 -1.447000 3.108000 0.000000
74719 -37.108000 -1.481000 2.841000 0.000000
74729 -33.515000 -1.254000 2.159000 0.000000
74730 -34.112000 -1.661000 2.609000 0.000000
74731 -34.819000 -2.008000 2.909000 0.000000
74746 -32.700000 -1.310000 1.135000 0.000000
74747 -33.019000 -1.739000 1.668000 0.000000
74762 -31.964000 -1.657000 -0.079000 0.000000
74763 -32.214000 -1.562000 0.396000 0.000000
74777 -31.818000 -1.616000 -0.506000 0.000000
74778 -32.053000 -1.307000 -0.158000 0.000000
74782 -31.673000 -1.698000 -1.255000 0.000000
74786 -31.703000 -1.724000 -2.098000 0.000000
74789 -31.896000 -1.648000 -2.955000 0.000000
74790 -32.278000 -1.565000 -3.806000 0.000000
74792 -32.683000 -1.579000 -4.634000 0.000000
74794 -33.212000 -1.604000 -5.356000 0.000000
74795 -33.689000 -1.502000 -6.027000 0.000000
74797 -34.012000 -1.450000 -6.685000 0.000000
74799 -34.095000 -1.585000 -7.490000 0.000000
74803 -33.175000 -2.026000 -8.560000 0.000000
74804 -33.635000 -1.572000 -8.377000 0.000000
74806 -32.571000 -2.191000 -9.195000 0.000000
74807 -32.988000 -1.695000 -8.994000 0.000000
74808 -33.487000 -1.203000 -8.842000 0.000000
74810 -32.459000 -2.072000 -9.381000 0.000000
74811 -32.755000 -1.361000 -9.477000 0.000000
74813 -32.447000 -1.847000 -9.610000 0.000000
74814 -32.683000 -1.281000 -9.701000 0.000000
74818 -31.970000 -1.710000 -12.169000 0.000000
74819 -32.159000 -1.177000 -12.159000 0.000000
74833 -31.913000 -1.937000 -12.996000 0.000000
74834 -32.103000 -1.488000 -13.426000 0.000000
74850 -31.964000 -2.044000 -13.602000 0.000000
74851 -32.204000 -1.648000 -14.132000 0.000000
74864 -32.410000 -1.634000 -15.099000 0.000000
74876 -32.612000 -1.792000 -16.129000 0.000000
74889 -32.860000 -1.608000 -17.169000 0.000000
74890 -33.035000 -1.883000 -17.890000 0.000000
74898 -33.013000 -1.228000 -17.809000 0.000000
74899 -33.187000 -1.544000 -18.482000 0.000000
74909 -33.393000 -1.535000 -19.377000 0.000000
74918 -33.588000 -1.534000 -20.338000 0.000000
74927 -33.793000 -1.449000 -21.354000 0.000000
74940 -34.801000 -2.918000 -22.869000 0.000000
74941 -34.944000 -2.862000 -23.072000 0.000000
74954 -34.204000 -0.874000 -23.174000 0.000000
74955 -35.332000 -2.509000 -23.739000 0.000000
74956 -35.671000 -2.477000 -24.110000 0.000000
74966 -35.629000 -1.806000 -24.536000 0.000000
74967 -35.974000 -1.898000 -24.784000 0.000000
74968 -36.508000 -1.966000 -25.055000 0.000000
74978 -36.134000 -1.256000 -25.329000 0.000000
74979 -36.691000 -1.402000 -25.503000 0.000000
74980 -37.718000 -1.636000 -25.748000 0.000000
74992 -36.799000 -0.874000 -25.972000 0.000000
74993 -37.298000 -0.968000 -26.153000 0.000000
74994 -38.232000 -1.154000 -26.358000 0.000000
75788 -34.687000 -0.259000 2.963000 0.000000
75789 -35.219000 -0.413000 3.230000 0.000000
75790 -35.984000 -0.490000 3.432000 0.000000
75791 -36.993000 -0.535000 3.363000 0.000000
75807 -33.546000 -0.394000 2.081000 0.000000
75808 -34.103000 -0.558000 2.581000 0.000000
75826 -32.855000 -0.777000 1.142000 0.000000
75827 -33.136000 -0.775000 1.565000 0.000000
75842 -32.637000 -0.709000 0.704000 0.000000
75854 -31.994000 -1.120000 -0.421000 0.000000
75855 -32.313000 -0.606000 -0.186000 0.000000
75858 -31.868000 -0.984000 -0.845000 0.000000
75859 -32.294000 -0.235000 -1.177000 0.000000
75863 -31.837000 -0.929000 -1.648000 0.000000
75864 -32.285000 -0.242000 -2.108000 0.000000
75867 -31.914000 -0.984000 -2.397000 0.000000
75868 -32.329000 -0.555000 -3.109000 0.000000
75870 -32.648000 -0.607000 -4.157000 0.000000
75872 -32.974000 -0.747000 -4.975000 0.000000
75873 -33.405000 -0.733000 -5.603000 0.000000
75875 -33.844000 -0.616000 -6.338000 0.000000
75877 -34.279000 -0.659000 -7.194000 0.000000
75878 -34.512000 -0.245000 -7.742000 0.000000
75882 -34.300000 -0.856000 -8.038000 0.000000
75883 -34.611000 -0.080000 -8.344000 0.000000
75885 -33.423000 -1.037000 -9.038000 0.000000
75886 -33.978000 -0.568000 -8.867000 0.000000
75887 -34.673000 0.174000 -8.921000 0.000000
75889 -33.314000 -0.735000 -9.272000 0.000000
75890 -33.888000 -0.068000 -9.347000 0.000000
75893 -33.042000 -0.804000 -9.571000 0.000000
75896 -32.138000 -1.183000 -12.397000 0.000000
75897 -32.424000 -0.746000 -12.330000 0.000000
75904 -32.133000 -1.263000 -12.818000 0.000000
75905 -32.426000 -0.749000 -13.416000 0.000000
75918 -32.550000 -0.678000 -14.462000 0.000000
75933 -32.655000 -0.711000 -15.467000 0.000000
75947 -32.799000 -0.697000 -16.443000 0.000000
75957 -32.970000 -0.588000 -17.327000 0.000000
75963 -33.123000 -0.620000 -18.081000 0.000000
75964 -33.277000 -0.645000 -18.791000 0.000000
75973 -33.436000 -0.545000 -19.669000 0.000000
75983 -33.566000 -0.491000 -20.710000 0.000000
75992 -33.709000 -0.403000 -21.762000 0.000000
76003 -33.864000 -0.161000 -22.825000 0.000000
76017 -34.270000 -0.374000 -23.818000 0.000000
76018 -34.651000 -0.869000 -24.076000 0.000000
76029 -34.326000 -0.045000 -24.362000 0.000000
76030 -35.721000 -1.132000 -25.118000 0.000000
76031 -35.913000 -1.194000 -25.244000 0.000000
76042 -35.829000 -0.523000 -25.672000 0.000000
76043 -36.106000 -0.595000 -25.819000 0.000000
76044 -36.557000 -0.797000 -25.903000 0.000000
76060 -36.244000 0.028000 -26.397000 0.000000
76061 -36.737000 -0.357000 -26.381000 0.000000
76062 -37.763000 -0.288000 -26.879000 0.000000
76080 -38.041000 0.211000 -27.354000 0.000000
76925 -34.989000 0.235000 3.161000 0.000000
76926 -35.584000 0.391000 3.436000 0.000000
76927 -36.469000 0.477000 3.672000 0.000000
76946 -33.857000 0.194000 2.279000 0.000000
76947 -34.485000 0.456000 2.734000 0.000000
76962 -33.003000 -0.333000 1.095000 0.000000
76963 -33.443000 0.343000 1.514000 0.000000
76970 -32.949000 0.255000 0.512000 0.000000
76971 -33.405000 1.079000 0.832000 0.000000
76974 -32.859000 0.643000 -0.600000 0.000000
76977 -32.795000 0.616000 -1.676000 0.000000
76980 -32.837000 0.475000 -2.622000 0.000000
76982 -33.054000 0.423000 -3.599000 0.000000
76983 -33.514000 0.897000 -4.167000 0.000000
76985 -33.237000 0.149000 -4.639000 0.000000
76986 -33.656000 0.914000 -4.805000 0.000000
76988 -33.316000 -0.252000 -5.194000 0.000000
76989 -33.693000 0.328000 -5.600000 0.000000
76991 -34.277000 0.384000 -6.760000 0.000000
76992 -34.677000 0.956000 -7.106000 0.000000
76995 -34.447000 -0.013000 -7.368000 0.000000
76996 -34.826000 0.499000 -7.666000 0.000000
77000 -35.212000 0.684000 -8.653000 0.000000
77001 -35.538000 1.173000 -8.961000 0.000000
77004 -34.430000 0.292000 -9.302000 0.000000
77005 -35.033000 0.631000 -9.282000 0.000000
77006 -35.427000 1.016000 -9.315000 0.000000
77009 -33.695000 -0.054000 -9.592000 0.000000
77010 -34.258000 0.463000 -9.640000 0.000000
77011 -34.921000 0.821000 -9.726000 0.000000
77012 -35.236000 0.931000 -9.596000 0.000000
77015 -33.006000 -0.015000 -11.920000 0.000000
77016 -34.321000 0.581000 -9.871000 0.000000
77017 -34.617000 0.741000 -9.870000 0.000000
77019 -32.835000 0.014000 -12.843000 0.000000
77020 -33.304000 0.560000 -12.485000 0.000000
77025 -32.913000 0.260000 -13.746000 0.000000
77026 -33.103000 0.504000 -13.105000 0.000000
77036 -32.855000 0.145000 -14.797000 0.000000
77052 -32.909000 0.134000 -15.761000 0.000000
77070 -33.022000 0.164000 -16.680000 0.000000
77080 -33.225000 0.289000 -17.660000 0.000000
77081 -33.442000 0.843000 -17.972000 0.000000
77088 -33.228000 -0.121000 -18.331000 0.000000
77089 -33.395000 0.427000 -18.756000 0.000000
77095 -33.467000 0.499000 -20.040000 0.000000
77102 -33.500000 0.509000 -21.142000 0.000000
77110 -33.561000 0.607000 -22.130000 0.000000
77119 -33.617000 0.796000 -22.900000 0.000000
77135 -33.824000 0.583000 -23.592000 0.000000
77151 -34.069000 0.427000 -24.262000 0.000000
77152 -34.346000 0.262000 -24.671000 0.000000
77167 -34.144000 0.822000 -24.750000 0.000000
77168 -34.604000 0.605000 -25.240000 0.000000
77169 -35.793000 0.082000 -26.144000 0.000000
77183 -35.659000 0.942000 -26.492000 0.000000
77184 -35.942000 0.573000 -26.499000 0.000000
77185 -36.454000 0.569000 -26.804000 0.000000
77186 -37.035000 0.262000 -26.945000 0.000000
77198 -36.840000 0.825000 -27.228000 0.000000
77199 -37.513000 0.613000 -27.433000 0.000000
78123 -35.092000 0.973000 3.192000 0.000000
78124 -35.844000 1.550000 3.549000 0.000000
78125 -37.000000 1.475000 3.836000 0.000000
78143 -34.042000 1.022000 2.161000 0.000000
78144 -34.710000 1.539000 2.685000 0.000000
78145 -35.211000 1.583000 3.145000 0.000000
78166 -33.796000 1.636000 1.427000 0.000000
78167 -34.247000 1.864000 2.095000 0.000000
78180 -33.249000 1.263000 0.121000 0.000000
78181 -33.534000 1.914000 0.600000 0.000000
78184 -33.297000 1.605000 -0.515000 0.000000
78185 -33.405000 2.097000 -0.069000 0.000000
78187 -33.246000 1.555000 -1.260000 0.000000
78190 -33.284000 1.500000 -2.285000 0.000000
78191 -33.459000 1.756000 -2.973000 0.000000
78193 -33.312000 1.095000 -2.984000 0.000000
78194 -33.524000 1.473000 -3.570000 0.000000
78196 -33.734000 1.637000 -4.380000 0.000000
78198 -34.041000 1.541000 -5.319000 0.000000
78199 -34.365000 1.757000 -6.002000 0.000000
78201 -34.160000 1.110000 -6.060000 0.000000
78202 -34.531000 1.460000 -6.621000 0.000000
78205 -35.045000 1.506000 -7.380000 0.000000
78206 -35.457000 1.715000 -7.963000 0.000000
78208 -35.346000 1.123000 -8.013000 0.000000
78209 -35.569000 1.513000 -8.541000 0.000000
78211 -35.759000 1.664000 -9.265000 0.000000
78212 -36.012000 1.988000 -9.825000 0.000000
78214 -35.224000 1.052000 -9.883000 0.000000
78215 -35.503000 1.342000 -9.843000 0.000000
78216 -35.991000 2.091000 -10.210000 0.000000
78218 -33.981000 0.984000 -11.690000 0.000000
78219 -35.035000 0.996000 -10.007000 0.000000
78220 -35.663000 1.713000 -10.183000 0.000000
78221 -36.013000 2.378000 -10.400000 0.000000
78223 -33.847000 1.020000 -12.160000 0.000000
78224 -34.267000 1.582000 -12.550000 0.000000
78226 -33.145000 0.725000 -13.758000 0.000000
78227 -33.472000 0.986000 -13.325000 0.000000
78228 -34.122000 1.819000 -13.576000 0.000000
78233 -33.156000 0.756000 -14.182000 0.000000
78234 -33.572000 1.326000 -14.337000 0.000000
78235 -34.052000 1.995000 -14.548000 0.000000
78249 -33.177000 0.809000 -15.072000 0.000000
78250 -33.578000 1.420000 -15.286000 0.000000
78251 -33.993000 2.043000 -15.499000 0.000000
78270 -33.219000 0.823000 -15.985000 0.000000
78271 -33.583000 1.407000 -16.221000 0.000000
78272 -33.959000 2.031000 -16.460000 0.000000
78286 -33.288000 0.811000 -16.778000 0.000000
78287 -33.571000 1.260000 -17.251000 0.000000
78288 -33.941000 2.057000 -17.416000 0.000000
78296 -33.636000 1.397000 -18.188000 0.000000
78297 -33.891000 2.218000 -18.326000 0.000000
78303 -33.547000 1.702000 -19.375000 0.000000
78304 -33.794000 2.567000 -18.966000 0.000000
78311 -33.393000 1.446000 -20.644000 0.000000
78320 -33.373000 1.443000 -21.670000 0.000000
78333 -33.425000 1.497000 -22.583000 0.000000
78349 -33.555000 1.482000 -23.425000 0.000000
78366 -33.815000 1.375000 -24.329000 0.000000
78381 -34.134000 1.490000 -25.149000 0.000000
78382 -35.456000 1.577000 -26.699000 0.000000
78394 -35.645000 1.475000 -26.805000 0.000000
78395 -36.084000 1.485000 -27.159000 0.000000
78396 -36.522000 1.126000 -27.212000 0.000000
78405 -36.186000 1.949000 -27.621000 0.000000
78406 -36.811000 1.595000 -27.788000 0.000000
78419 -37.034000 2.174000 -28.355000 0.000000
79402 -35.897000 2.657000 3.313000 0.000000
79403 -36.645000 2.440000 3.637000 0.000000
79415 -34.708000 2.597000 2.347000 0.000000
79416 -35.293000 2.215000 3.011000 0.000000
79433 -33.731000 2.755000 1.052000 0.000000
79434 -34.126000 2.468000 1.742000 0.000000
79457 -33.440000 2.658000 0.294000 0.000000
79478 -33.245000 2.568000 -0.681000 0.000000
79479 -33.347000 2.582000 -0.138000 0.000000
79484 -33.133000 2.563000 -1.766000 0.000000
79487 -33.191000 2.608000 -2.907000 0.000000
79488 -33.509000 2.101000 -3.284000 0.000000
79491 -33.099000 3.014000 -3.486000 0.000000
79492 -33.440000 2.472000 -3.798000 0.000000
79495 -33.776000 2.484000 -4.810000 0.000000
79497 -34.235000 2.560000 -5.895000 0.000000
79498 -34.505000 2.064000 -6.301000 0.000000
79500 -34.322000 2.949000 -6.465000 0.000000
79501 -34.644000 2.416000 -6.799000 0.000000
79504 -35.314000 2.494000 -7.797000 0.000000
79505 -35.572000 2.028000 -8.231000 0.000000
79508 -35.482000 2.913000 -8.316000 0.000000
79509 -35.731000 2.438000 -8.681000 0.000000
79512 -36.018000 2.496000 -9.501000 0.000000
79513 -36.126000 2.584000 -10.060000 0.000000
79516 -36.103000 2.666000 -10.388000 0.000000
79519 -35.672000 2.026000 -11.259000 0.000000
79520 -35.917000 2.426000 -11.301000 0.000000
79521 -36.136000 2.932000 -10.510000 0.000000
79524 -34.747000 2.310000 -12.885000 0.000000
79525 -35.759000 2.594000 -11.546000 0.000000
79526 -35.834000 2.807000 -11.459000 0.000000
79529 -34.613000 2.644000 -13.825000 0.000000
79530 -35.039000 2.976000 -13.074000 0.000000
79535 -34.433000 2.683000 -14.784000 0.000000
79548 -34.350000 2.743000 -15.698000 0.000000
79563 -34.281000 2.769000 -16.658000 0.000000
79574 -34.203000 2.843000 -17.582000 0.000000
79586 -34.075000 3.003000 -18.382000 0.000000
79597 -33.265000 3.225000 -20.002000 0.000000
79598 -33.476000 2.931000 -19.684000 0.000000
79599 -33.872000 3.257000 -19.003000 0.000000
79612 -33.188000 3.138000 -20.312000 0.000000
79613 -33.298000 2.379000 -20.390000 0.000000
79625 -33.070000 3.007000 -21.023000 0.000000
79626 -33.214000 2.253000 -21.298000 0.000000
79642 -33.047000 2.959000 -21.773000 0.000000
79643 -33.205000 2.389000 -22.287000 0.000000
79659 -33.322000 2.275000 -23.123000 0.000000
79673 -33.468000 2.375000 -23.999000 0.000000
79684 -33.764000 2.484000 -25.014000 0.000000
79685 -34.162000 2.168000 -25.633000 0.000000
79697 -34.010000 2.853000 -25.775000 0.000000
79698 -35.430000 2.170000 -27.062000 0.000000
79699 -35.615000 2.039000 -27.190000 0.000000
79707 -35.498000 2.617000 -27.378000 0.000000
79708 -35.822000 2.493000 -27.625000 0.000000
79709 -36.259000 2.297000 -27.892000 0.000000
79716 -36.096000 2.866000 -28.079000 0.000000
79717 -36.600000 2.637000 -28.343000 0.000000
79718 -37.257000 2.660000 -28.777000 0.000000
79727 -37.742000 2.939000 -29.254000 0.000000
80676 -35.918000 3.069000 3.159000 0.000000
80677 -36.342000 3.231000 3.279000 0.000000
80684 -34.880000 3.315000 2.267000 0.000000
80685 -35.550000 3.255000 2.803000 0.000000
80686 -36.253000 3.852000 2.918000 0.000000
80695 -33.762000 3.533000 1.076000 0.000000
80696 -34.286000 3.433000 1.694000 0.000000
80705 -33.201000 3.744000 0.016000 0.000000
80706 -33.408000 3.574000 0.382000 0.000000
80728 -33.095000 3.564000 -0.311000 0.000000
80729 -33.296000 2.995000 -0.087000 0.000000
80749 -32.767000 3.481000 -1.200000 0.000000
80762 -32.620000 3.493000 -2.282000 0.000000
80772 -31.888000 4.264000 -3.960000 0.000000
80773 -32.440000 3.689000 -3.569000 0.000000
80774 -33.074000 3.113000 -3.782000 0.000000
80777 -32.010000 4.107000 -4.334000 0.000000
80778 -32.492000 3.751000 -4.861000 0.000000
80779 -33.141000 3.154000 -4.351000 0.000000
80781 -32.732000 3.755000 -5.918000 0.000000
80782 -33.373000 3.223000 -5.396000 0.000000
80784 -32.842000 3.866000 -6.490000 0.000000
80785 -33.612000 3.425000 -6.652000 0.000000
80786 -34.369000 3.060000 -6.770000 0.000000
80789 -33.779000 3.637000 -7.896000 0.000000
80790 -34.507000 3.141000 -7.348000 0.000000
80793 -33.857000 3.948000 -8.899000 0.000000
80794 -34.853000 3.336000 -8.474000 0.000000
80795 -35.546000 3.082000 -8.656000 0.000000
80797 -33.855000 4.194000 -9.459000 0.000000
80798 -34.481000 3.989000 -9.626000 0.000000
80799 -35.598000 3.285000 -9.378000 0.000000
80800 -36.103000 2.975000 -9.807000 0.000000
80802 -34.589000 4.190000 -10.219000 0.000000
80803 -35.145000 3.831000 -10.144000 0.000000
80804 -35.941000 3.280000 -10.278000 0.000000
80806 -35.985000 3.233000 -10.549000 0.000000
80808 -35.306000 3.594000 -12.678000 0.000000
80809 -35.632000 2.932000 -11.666000 0.000000
80811 -34.760000 3.201000 -14.287000 0.000000
80812 -34.987000 3.541000 -13.687000 0.000000
80814 -34.736000 3.519000 -14.923000 0.000000
80815 -34.891000 3.644000 -14.309000 0.000000
80826 -34.605000 3.514000 -15.917000 0.000000
80834 -34.501000 3.594000 -16.879000 0.000000
80840 -34.353000 3.669000 -17.781000 0.000000
80850 -34.139000 3.773000 -18.533000 0.000000
80859 -33.252000 3.782000 -20.015000 0.000000
80860 -33.676000 3.787000 -19.370000 0.000000
80861 -33.948000 3.810000 -18.972000 0.000000
80875 -32.989000 3.772000 -20.759000 0.000000
80887 -32.902000 3.716000 -21.589000 0.000000
80899 -32.984000 3.504000 -22.630000 0.000000
80900 -33.162000 2.813000 -22.897000 0.000000
80911 -33.005000 3.934000 -23.687000 0.000000
80912 -33.188000 3.076000 -23.491000 0.000000
80923 -33.035000 4.144000 -24.228000 0.000000
80924 -33.290000 3.569000 -24.497000 0.000000
80930 -33.672000 3.596000 -25.527000 0.000000
80935 -34.076000 3.534000 -26.252000 0.000000
80936 -35.396000 3.041000 -27.502000 0.000000
80944 -35.509000 3.273000 -27.758000 0.000000
80945 -35.769000 3.405000 -28.130000 0.000000
80952 -36.200000 3.476000 -28.524000 0.000000
80953 -36.772000 3.465000 -28.963000 0.000000
80954 -37.235000 3.279000 -29.176000 0.000000
80962 -37.051000 3.693000 -29.341000 0.000000
80963 -37.437000 3.651000 -29.576000 0.000000
80980 -37.770000 3.871000 -29.990000 0.000000
81912 -35.038000 3.919000 2.155000 0.000000
81913 -35.814000 4.229000 2.459000 0.000000
81914 -36.672000 4.419000 2.584000 0.000000
81922 -33.846000 4.297000 1.009000 0.000000
81923 -34.567000 4.414000 1.556000 0.000000
81924 -35.365000 4.661000 1.822000 0.000000
81925 -36.233000 4.848000 1.949000 0.000000
81936 -33.127000 4.063000 -0.044000 0.000000
81937 -33.400000 4.444000 0.286000 0.000000
81947 -32.772000 4.460000 -0.635000 0.000000
81948 -33.125000 4.517000 -0.136000 0.000000
81962 -32.357000 4.357000 -1.687000 0.000000
81976 -31.756000 4.850000 -2.895000 0.000000
81977 -32.126000 4.308000 -2.626000 0.000000
81994 -31.727000 4.651000 -3.569000 0.000000
81995 -31.947000 4.357000 -3.157000 0.000000
82008 -31.638000 4.711000 -4.381000 0.000000
82009 -31.897000 4.288000 -4.882000 0.000000
82016 -31.619000 4.821000 -5.222000 0.000000
82017 -32.081000 4.261000 -5.554000 0.000000
82019 -31.770000 4.788000 -5.893000 0.000000
82020 -32.277000 4.401000 -6.452000 0.000000
82021 -32.850000 4.044000 -6.884000 0.000000
82024 -32.509000 4.565000 -7.306000 0.000000
82025 -33.039000 4.046000 -7.505000 0.000000
82028 -32.703000 4.559000 -7.826000 0.000000
82029 -33.070000 4.400000 -8.384000 0.000000
82032 -33.431000 4.626000 -9.321000 0.000000
82033 -33.839000 4.433000 -9.804000 0.000000
82035 -33.585000 4.927000 -9.929000 0.000000
82036 -34.044000 4.604000 -10.310000 0.000000
82037 -34.692000 4.260000 -10.441000 0.000000
82038 -35.448000 3.789000 -10.450000 0.000000
82040 -34.215000 4.711000 -10.540000 0.000000
82041 -34.307000 3.607000 -11.507000 0.000000
82042 -35.765000 3.404000 -10.504000 0.000000
82044 -33.947000 4.026000 -11.624000 0.000000
82045 -34.662000 3.545000 -11.736000 0.000000
82046 -35.355000 3.187000 -11.760000 0.000000
82048 -35.078000 4.398000 -13.277000 0.000000
82050 -34.871000 3.982000 -14.844000 0.000000
82051 -34.942000 4.320000 -14.413000 0.000000
82060 -34.843000 4.107000 -15.240000 0.000000
82061 -34.948000 4.881000 -15.248000 0.000000
82073 -34.792000 4.452000 -16.133000 0.000000
82074 -34.958000 5.260000 -15.846000 0.000000
82080 -34.626000 4.482000 -17.168000 0.000000
82085 -34.402000 4.538000 -18.039000 0.000000
82091 -33.208000 4.560000 -19.996000 0.000000
82092 -33.507000 4.587000 -19.595000 0.000000
82093 -34.020000 4.627000 -18.877000 0.000000
82100 -33.016000 4.586000 -20.441000 0.000000
82108 -32.822000 4.604000 -21.211000 0.000000
82116 -32.767000 4.579000 -22.128000 0.000000
82123 -32.800000 4.641000 -23.113000 0.000000
82131 -32.890000 4.762000 -24.056000 0.000000
82132 -33.072000 4.406000 -24.577000 0.000000
82139 -32.998000 5.042000 -24.728000 0.000000
82140 -33.298000 4.638000 -25.271000 0.000000
82146 -33.758000 4.570000 -26.209000 0.000000
82147 -34.159000 4.202000 -26.726000 0.000000
82153 -34.066000 4.897000 -26.885000 0.000000
82154 -35.359000 4.035000 -28.025000 0.000000
82155 -35.528000 3.942000 -28.188000 0.000000
82161 -35.505000 4.577000 -28.470000 0.000000
82162 -35.828000 4.370000 -28.717000 0.000000
82163 -36.340000 4.091000 -29.014000 0.000000
82170 -36.203000 4.725000 -29.278000 0.000000
82171 -36.863000 4.402000 -29.650000 0.000000
82172 -37.407000 4.115000 -29.893000 0.000000
82188 -37.068000 4.955000 -30.206000 0.000000
82189 -37.660000 4.597000 -30.318000 0.000000
83098 -33.937000 4.774000 0.901000 0.000000
83099 -34.208000 4.880000 1.060000 0.000000
83100 -34.881000 5.105000 1.281000 0.000000
83101 -35.708000 5.328000 1.383000 0.000000
83109 -33.816000 5.064000 0.547000 0.000000
83110 -34.434000 5.395000 0.746000 0.000000
83111 -35.146000 5.690000 0.801000 0.000000
83112 -36.012000 5.958000 0.810000 0.000000
83124 -32.864000 5.288000 -0.665000 0.000000
83125 -33.218000 5.047000 -0.146000 0.000000
83140 -32.491000 5.265000 -1.323000 0.000000
83154 -31.757000 5.323000 -2.747000 0.000000
83155 -32.040000 5.170000 -2.251000 0.000000
83167 -31.583000 5.385000 -3.175000 0.000000
83180 -31.496000 5.463000 -3.907000 0.000000
83193 -31.428000 5.542000 -4.775000 0.000000
83203 -31.497000 5.552000 -5.742000 0.000000
83204 -31.769000 5.106000 -6.369000 0.000000
83211 -31.583000 5.759000 -6.612000 0.000000
83212 -32.009000 5.154000 -7.037000 0.000000
83214 -31.747000 5.818000 -7.338000 0.000000
83215 -32.330000 5.337000 -8.063000 0.000000
83216 -32.905000 5.124000 -8.901000 0.000000
83219 -32.585000 5.745000 -9.008000 0.000000
83220 -33.123000 5.477000 -9.610000 0.000000
83222 -33.496000 5.423000 -10.226000 0.000000
83223 -33.846000 5.137000 -10.500000 0.000000
83225 -33.501000 5.596000 -10.410000 0.000000
83226 -33.172000 4.746000 -11.596000 0.000000
83228 -32.577000 5.747000 -11.643000 0.000000
83229 -34.562000 5.528000 -12.312000 0.000000
83230 -34.909000 5.094000 -12.929000 0.000000
83232 -34.677000 5.713000 -13.069000 0.000000
83233 -34.873000 5.347000 -13.696000 0.000000
83235 -34.937000 5.443000 -14.553000 0.000000
83237 -34.978000 5.725000 -15.281000 0.000000
83248 -34.875000 5.409000 -16.587000 0.000000
83249 -34.993000 5.865000 -15.924000 0.000000
83260 -34.688000 5.343000 -17.492000 0.000000
83264 -34.450000 5.475000 -18.236000 0.000000
83270 -33.268000 5.412000 -19.999000 0.000000
83271 -33.772000 5.539000 -19.324000 0.000000
83272 -34.185000 5.720000 -18.787000 0.000000
83279 -32.899000 5.557000 -20.790000 0.000000
83287 -32.706000 5.554000 -21.667000 0.000000
83296 -32.660000 5.561000 -22.611000 0.000000
83305 -32.710000 5.612000 -23.558000 0.000000
83313 -32.833000 5.717000 -24.426000 0.000000
83320 -33.065000 5.818000 -25.251000 0.000000
83321 -33.430000 5.602000 -25.994000 0.000000
83328 -33.813000 5.616000 -26.718000 0.000000
83335 -34.223000 5.614000 -27.366000 0.000000
83336 -35.455000 5.126000 -28.670000 0.000000
83342 -35.624000 5.330000 -28.945000 0.000000
83343 -35.917000 5.382000 -29.289000 0.000000
83349 -36.321000 5.396000 -29.706000 0.000000
83350 -36.718000 5.427000 -30.147000 0.000000
83366 -37.228000 5.502000 -30.567000 0.000000
83367 -38.086000 5.563000 -30.967000 0.000000
83381 -38.351000 6.010000 -31.408000 0.000000
84218 -34.117000 5.562000 0.353000 0.000000
84219 -34.542000 5.906000 0.251000 0.000000
84220 -35.343000 6.259000 0.164000 0.000000
84221 -36.265000 6.447000 0.068000 0.000000
84229 -33.185000 5.540000 -0.483000 0.000000
84230 -33.739000 5.804000 -0.216000 0.000000
84231 -34.593000 6.495000 -0.520000 0.000000
84232 -35.543000 6.737000 -0.556000 0.000000
84233 -36.437000 6.870000 -0.664000 0.000000
84243 -32.991000 5.972000 -0.966000 0.000000
84244 -33.747000 6.537000 -1.041000 0.000000
84245 -34.376000 6.926000 -1.246000 0.000000
84261 -31.816000 5.845000 -2.679000 0.000000
84262 -32.448000 6.161000 -1.970000 0.000000
84279 -31.556000 6.165000 -3.358000 0.000000
84296 -31.435000 6.335000 -4.210000 0.000000
84308 -31.351000 6.421000 -5.144000 0.000000
84320 -31.411000 6.493000 -6.079000 0.000000
84331 -31.523000 6.533000 -6.963000 0.000000
84334 -31.760000 6.436000 -7.811000 0.000000
84335 -32.125000 6.400000 -8.648000 0.000000
84338 -32.577000 6.377000 -9.524000 0.000000
84339 -33.128000 5.898000 -9.959000 0.000000
84341 -32.642000 6.644000 -9.730000 0.000000
84342 -33.114000 6.080000 -10.119000 0.000000
84344 -31.791000 7.002000 -11.333000 0.000000
84345 -32.096000 6.453000 -11.566000 0.000000
84347 -32.309000 6.474000 -11.731000 0.000000
84348 -34.442000 6.087000 -12.832000 0.000000
84350 -34.081000 7.084000 -13.002000 0.000000
84351 -34.492000 6.490000 -13.528000 0.000000
84352 -34.815000 5.933000 -14.090000 0.000000
84354 -34.574000 6.912000 -14.149000 0.000000
84355 -34.796000 6.441000 -14.589000 0.000000
84357 -34.950000 6.478000 -15.488000 0.000000
84362 -34.876000 6.027000 -17.079000 0.000000
84363 -34.963000 6.469000 -16.367000 0.000000
84376 -34.745000 6.161000 -17.703000 0.000000
84377 -34.920000 6.736000 -17.162000 0.000000
84383 -34.513000 6.501000 -18.350000 0.000000
84384 -34.805000 6.850000 -17.756000 0.000000
84390 -33.143000 6.711000 -20.365000 0.000000
84391 -33.613000 6.473000 -19.629000 0.000000
84392 -34.081000 6.495000 -19.031000 0.000000
84399 -32.776000 6.587000 -21.267000 0.000000
84406 -32.626000 6.541000 -22.190000 0.000000
84413 -32.615000 6.539000 -23.139000 0.000000
84421 -32.700000 6.573000 -24.062000 0.000000
84427 -32.866000 6.630000 -24.907000 0.000000
84433 -33.029000 6.702000 -25.494000 0.000000
84434 -33.240000 6.527000 -25.914000 0.000000
84441 -33.590000 6.541000 -26.565000 0.000000
84448 -33.997000 6.548000 -27.269000 0.000000
84449 -34.439000 6.551000 -27.964000 0.000000
84457 -35.604000 6.530000 -29.359000 0.000000
84458 -35.779000 5.949000 -29.313000 0.000000
84470 -35.683000 7.103000 -29.721000 0.000000
84471 -36.031000 6.495000 -29.862000 0.000000
84472 -36.421000 5.945000 -30.057000 0.000000
84489 -36.263000 6.968000 -30.428000 0.000000
84490 -36.678000 6.434000 -30.614000 0.000000
84491 -37.376000 6.138000 -31.016000 0.000000
84504 -37.196000 6.752000 -31.243000 0.000000
84505 -37.884000 6.535000 -31.560000 0.000000
85349 -34.991000 6.969000 -1.080000 0.000000
85350 -35.565000 7.459000 -1.015000 0.000000
85351 -36.510000 7.656000 -0.812000 0.000000
85360 -33.110000 6.691000 -1.559000 0.000000
85361 -33.732000 7.347000 -1.628000 0.000000
85362 -34.656000 7.660000 -1.306000 0.000000
85363 -35.136000 8.108000 -1.116000 0.000000
85374 -31.947000 6.775000 -2.726000 0.000000
85375 -32.779000 7.350000 -2.199000 0.000000
85376 -33.401000 8.057000 -2.051000 0.000000
85384 -31.611000 7.118000 -3.572000 0.000000
85398 -31.422000 7.278000 -4.519000 0.000000
85413 -31.359000 7.330000 -5.495000 0.000000
85429 -31.436000 7.353000 -6.442000 0.000000
85448 -31.571000 7.331000 -7.367000 0.000000
85466 -31.780000 7.243000 -8.208000 0.000000
85467 -32.080000 7.283000 -8.857000 0.000000
85470 -32.339000 7.463000 -9.226000 0.000000
85472 -31.854000 7.487000 -10.841000 0.000000
85474 -31.873000 7.365000 -11.484000 0.000000
85475 -32.095000 7.192000 -11.601000 0.000000
85477 -33.786000 7.622000 -12.562000 0.000000
85479 -34.139000 7.630000 -13.532000 0.000000
85480 -34.430000 7.149000 -13.939000 0.000000
85482 -34.201000 8.097000 -14.036000 0.000000
85483 -34.528000 7.584000 -14.569000 0.000000
85484 -34.822000 6.975000 -15.077000 0.000000
85486 -34.674000 8.022000 -15.325000 0.000000
85487 -34.854000 7.401000 -15.700000 0.000000
85489 -34.955000 7.342000 -16.601000 0.000000
85501 -34.883000 7.512000 -17.400000 0.000000
85509 -34.370000 7.493000 -18.700000 0.000000
85510 -34.707000 7.282000 -18.064000 0.000000
85516 -33.241000 7.879000 -20.322000 0.000000
85517 -33.563000 7.468000 -19.812000 0.000000
85518 -33.932000 7.244000 -19.318000 0.000000
85525 -32.915000 7.680000 -20.997000 0.000000
85533 -32.680000 7.564000 -21.876000 0.000000
85541 -32.604000 7.517000 -22.813000 0.000000
85551 -32.648000 7.507000 -23.753000 0.000000
85561 -32.788000 7.516000 -24.658000 0.000000
85568 -33.038000 7.541000 -25.568000 0.000000
85569 -33.135000 7.061000 -25.831000 0.000000
85576 -33.238000 8.018000 -26.088000 0.000000
85577 -33.388000 7.513000 -26.335000 0.000000
85585 -33.842000 7.504000 -27.142000 0.000000
85586 -34.254000 7.519000 -27.863000 0.000000
85596 -35.444000 7.948000 -29.533000 0.000000
85610 -35.566000 7.758000 -29.698000 0.000000
85611 -35.784000 7.660000 -30.036000 0.000000
85624 -36.091000 7.524000 -30.412000 0.000000
85625 -36.441000 7.439000 -30.819000 0.000000
85638 -36.857000 7.350000 -31.254000 0.000000
85639 -37.356000 7.343000 -31.697000 0.000000
85655 -37.893000 7.358000 -32.183000 0.000000
86439 -36.793000 9.015000 -0.051000 0.000000
86440 -37.184000 8.961000 -0.007000 0.000000
86448 -35.089000 8.739000 -0.827000 0.000000
86449 -35.506000 8.456000 -0.769000 0.000000
86450 -36.649000 8.668000 -0.319000 0.000000
86462 -33.992000 8.306000 -1.601000 0.000000
86463 -34.754000 8.622000 -1.056000 0.000000
86464 -35.116000 8.377000 -0.995000 0.000000
86479 -32.081000 7.828000 -2.917000 0.000000
86480 -32.857000 8.534000 -2.491000 0.000000
86481 -33.483000 8.767000 -1.964000 0.000000
86494 -31.727000 8.228000 -3.853000 0.000000
86495 -32.278000 8.703000 -3.150000 0.000000
86501 -31.440000 8.184000 -4.894000 0.000000
86507 -31.423000 8.196000 -5.863000 0.000000
86515 -31.552000 8.180000 -6.824000 0.000000
86521 -31.728000 8.194000 -7.822000 0.000000
86522 -31.967000 8.736000 -8.007000 0.000000
86540 -31.856000 7.786000 -8.431000 0.000000
86541 -32.165000 8.362000 -8.547000 0.000000
86556 -32.611000 8.603000 -8.952000 0.000000
86559 -32.140000 8.222000 -10.956000 0.000000
86560 -32.479000 8.650000 -10.960000 0.000000
86563 -32.057000 7.634000 -11.409000 0.000000
86564 -32.233000 7.919000 -11.335000 0.000000
86567 -33.791000 8.467000 -12.916000 0.000000
86570 -34.020000 8.565000 -13.696000 0.000000
86572 -34.255000 8.613000 -14.341000 0.000000
86573 -34.510000 8.617000 -15.082000 0.000000
86575 -34.745000 8.482000 -16.022000 0.000000
86576 -34.909000 7.827000 -16.253000 0.000000
86578 -34.764000 8.809000 -17.006000 0.000000
86579 -34.893000 8.046000 -16.768000 0.000000
86587 -34.676000 8.818000 -17.826000 0.000000
86588 -34.831000 8.246000 -17.400000 0.000000
86599 -34.436000 8.598000 -18.605000 0.000000
86600 -34.700000 8.001000 -18.011000 0.000000
86608 -33.332000 8.421000 -20.265000 0.000000
86609 -33.546000 8.241000 -19.948000 0.000000
86610 -33.966000 8.278000 -19.409000 0.000000
86615 -33.148000 8.795000 -20.758000 0.000000
86616 -33.505000 8.794000 -20.150000 0.000000
86617 -33.718000 8.617000 -19.829000 0.000000
86623 -32.801000 8.599000 -21.664000 0.000000
86632 -32.666000 8.511000 -22.578000 0.000000
86640 -32.673000 8.470000 -23.508000 0.000000
86648 -32.787000 8.451000 -24.416000 0.000000
86655 -32.971000 8.423000 -25.240000 0.000000
86661 -33.211000 8.513000 -25.917000 0.000000
86662 -33.470000 8.517000 -26.454000 0.000000
86671 -33.782000 8.445000 -27.036000 0.000000
86672 -34.164000 8.494000 -27.747000 0.000000
86683 -35.334000 8.830000 -29.531000 0.000000
86700 -35.432000 8.739000 -29.729000 0.000000
86701 -35.595000 8.613000 -30.102000 0.000000
86714 -35.910000 8.482000 -30.608000 0.000000
86715 -36.260000 8.087000 -30.849000 0.000000
86725 -36.198000 8.673000 -31.151000 0.000000
86726 -36.604000 8.236000 -31.441000 0.000000
86727 -37.019000 7.884000 -31.703000 0.000000
86748 -36.949000 8.297000 -31.904000 0.000000
86749 -37.358000 8.122000 -32.278000 0.000000
87556 -36.191000 9.762000 0.079000 0.000000
87557 -36.597000 9.468000 0.117000 0.000000
87558 -37.481000 9.593000 0.366000 0.000000
87567 -35.083000 9.178000 -0.679000 0.000000
87568 -35.858000 9.516000 -0.176000 0.000000
87569 -36.347000 9.207000 -0.113000 0.000000
87580 -33.980000 9.375000 -1.518000 0.000000
87581 -34.579000 9.562000 -0.967000 0.000000
87591 -32.779000 9.444000 -2.944000 0.000000
87592 -33.330000 9.512000 -2.241000 0.000000
87605 -31.773000 8.902000 -4.470000 0.000000
87606 -32.286000 9.319000 -3.787000 0.000000
87616 -31.628000 8.991000 -5.278000 0.000000
87617 -32.120000 9.612000 -4.698000 0.000000
87624 -31.652000 8.996000 -6.237000 0.000000
87625 -32.071000 9.698000 -5.633000 0.000000
87634 -31.796000 8.927000 -7.181000 0.000000
87635 -32.155000 9.646000 -6.632000 0.000000
87644 -31.905000 8.846000 -7.709000 0.000000
87645 -32.452000 9.398000 -7.729000 0.000000
87646 -33.108000 9.869000 -7.664000 0.000000
87658 -32.906000 9.227000 -8.610000 0.000000
87659 -33.343000 9.885000 -8.128000 0.000000
87674 -33.207000 9.375000 -9.007000 0.000000
87675 -33.760000 9.903000 -8.846000 0.000000
87684 -32.512000 8.866000 -10.630000 0.000000
87685 -33.757000 9.803000 -9.134000 0.000000
87687 -33.590000 9.411000 -11.584000 0.000000
87689 -33.737000 9.256000 -12.513000 0.000000
87692 -33.901000 9.215000 -13.326000 0.000000
87694 -34.107000 9.321000 -13.955000 0.000000
87695 -34.355000 9.471000 -14.681000 0.000000
87697 -34.555000 9.519000 -15.598000 0.000000
87699 -34.650000 9.585000 -16.564000 0.000000
87704 -34.628000 9.646000 -17.510000 0.000000
87714 -34.488000 9.573000 -18.395000 0.000000
87723 -34.193000 9.382000 -19.208000 0.000000
87730 -33.229000 9.882000 -20.969000 0.000000
87731 -33.526000 9.548000 -20.363000 0.000000
87732 -33.823000 9.146000 -19.815000 0.000000
87739 -32.949000 9.577000 -21.567000 0.000000
87748 -32.790000 9.473000 -22.405000 0.000000
87756 -32.771000 9.429000 -23.313000 0.000000
87764 -32.858000 9.369000 -24.190000 0.000000
87771 -33.072000 9.391000 -25.074000 0.000000
87772 -33.369000 9.746000 -25.726000 0.000000
87779 -33.203000 9.113000 -25.687000 0.000000
87780 -33.560000 9.467000 -26.316000 0.000000
87781 -33.941000 9.858000 -26.985000 0.000000
87790 -33.772000 9.156000 -26.892000 0.000000
87791 -34.130000 9.504000 -27.540000 0.000000
87804 -34.488000 9.500000 -28.349000 0.000000
87819 -35.339000 9.775000 -29.740000 0.000000
87820 -35.456000 9.631000 -30.083000 0.000000
87832 -35.668000 9.497000 -30.632000 0.000000
87843 -35.967000 9.355000 -31.199000 0.000000
87844 -36.345000 9.192000 -31.706000 0.000000
87867 -36.829000 8.883000 -32.233000 0.000000
87868 -37.272000 8.813000 -32.805000 0.000000
87880 -36.988000 9.438000 -32.947000 0.000000
88674 -36.173000 10.303000 0.220000 0.000000
88675 -36.958000 10.380000 0.523000 0.000000
88676 -37.876000 10.451000 0.635000 0.000000
88685 -34.967000 10.247000 -0.545000 0.000000
88686 -35.575000 10.529000 -0.104000 0.000000
88695 -33.736000 10.426000 -1.876000 0.000000
88696 -34.307000 10.379000 -1.193000 0.000000
88704 -32.894000 10.000000 -3.457000 0.000000
88705 -33.320000 10.430000 -2.783000 0.000000
88717 -32.742000 10.126000 -4.175000 0.000000
88718 -33.241000 10.708000 -3.663000 0.000000
88731 -32.676000 10.241000 -5.051000 0.000000
88732 -33.230000 10.795000 -4.514000 0.000000
88741 -32.758000 10.181000 -5.982000 0.000000
88742 -33.266000 10.809000 -5.408000 0.000000
88747 -32.886000 10.046000 -6.910000 0.000000
88748 -33.362000 10.729000 -6.349000 0.000000
88758 -33.016000 9.907000 -7.411000 0.000000
88759 -33.554000 10.465000 -7.375000 0.000000
88770 -34.273000 10.647000 -8.297000 0.000000
88771 -34.779000 11.120000 -8.430000 0.000000
88778 -34.483000 10.455000 -8.909000 0.000000
88779 -34.896000 10.990000 -8.731000 0.000000
88789 -34.369000 10.276000 -9.177000 0.000000
88790 -34.972000 10.782000 -9.121000 0.000000
88796 -33.868000 10.139000 -11.270000 0.000000
88797 -34.905000 10.680000 -9.319000 0.000000
88799 -33.940000 10.007000 -12.229000 0.000000
88800 -34.278000 10.699000 -11.888000 0.000000
88803 -34.007000 9.860000 -13.113000 0.000000
88804 -34.313000 10.571000 -12.871000 0.000000
88807 -34.039000 9.694000 -13.618000 0.000000
88808 -34.334000 10.264000 -13.943000 0.000000
88810 -34.543000 10.433000 -15.112000 0.000000
88812 -34.608000 10.496000 -16.144000 0.000000
88814 -34.602000 10.545000 -17.145000 0.000000
88822 -34.521000 10.534000 -18.116000 0.000000
88831 -34.328000 10.430000 -19.035000 0.000000
88839 -33.325000 10.531000 -21.113000 0.000000
88840 -33.576000 10.418000 -20.648000 0.000000
88841 -33.957000 10.222000 -19.909000 0.000000
88848 -33.116000 10.363000 -21.531000 0.000000
88854 -32.976000 10.297000 -22.227000 0.000000
88864 -32.947000 10.349000 -23.134000 0.000000
88874 -33.019000 10.299000 -23.991000 0.000000
88875 -33.292000 10.707000 -24.633000 0.000000
88883 -33.106000 10.073000 -24.687000 0.000000
88884 -33.465000 10.490000 -25.354000 0.000000
88885 -33.825000 10.876000 -25.996000 0.000000
88893 -33.638000 10.238000 -26.031000 0.000000
88894 -33.961000 10.590000 -26.618000 0.000000
88901 -34.241000 10.580000 -27.424000 0.000000
88911 -34.493000 10.504000 -28.180000 0.000000
88926 -35.157000 11.087000 -29.681000 0.000000
88927 -35.307000 10.724000 -29.985000 0.000000
88940 -35.516000 10.563000 -30.555000 0.000000
88957 -35.818000 10.423000 -31.335000 0.000000
88958 -36.109000 9.917000 -31.752000 0.000000
88981 -36.108000 10.575000 -32.017000 0.000000
88982 -36.440000 10.064000 -32.493000 0.000000
88989 -36.996000 10.283000 -33.542000 0.000000
89640 -35.806000 11.253000 0.134000 0.000000
89641 -36.491000 11.229000 0.460000 0.000000
89642 -37.316000 11.302000 0.614000 0.000000
89649 -34.549000 11.262000 -0.806000 0.000000
89650 -35.191000 11.291000 -0.315000 0.000000
89656 -33.650000 11.435000 -2.240000 0.000000
89657 -34.080000 11.334000 -1.480000 0.000000
89662 -33.438000 11.480000 -3.112000 0.000000
89669 -33.368000 11.536000 -3.976000 0.000000
89679 -33.429000 11.603000 -4.869000 0.000000
89689 -33.566000 11.581000 -5.793000 0.000000
89699 -33.813000 11.479000 -6.702000 0.000000
89714 -34.321000 11.484000 -7.555000 0.000000
89715 -34.725000 11.893000 -8.001000 0.000000
89725 -34.678000 11.333000 -8.160000 0.000000
89726 -35.010000 11.701000 -8.474000 0.000000
89731 -35.274000 11.674000 -9.013000 0.000000
89732 -35.338000 12.062000 -9.324000 0.000000
89740 -35.214000 11.254000 -9.279000 0.000000
89741 -34.869000 12.014000 -11.037000 0.000000
89750 -34.630000 11.365000 -11.474000 0.000000
89751 -34.999000 11.993000 -11.957000 0.000000
89753 -34.685000 11.290000 -12.444000 0.000000
89754 -35.072000 11.928000 -12.960000 0.000000
89756 -34.716000 11.223000 -13.459000 0.000000
89757 -35.070000 11.866000 -13.893000 0.000000
89760 -34.813000 11.402000 -14.559000 0.000000
89761 -35.055000 11.881000 -14.393000 0.000000
89764 -34.749000 11.385000 -15.689000 0.000000
89767 -34.685000 11.475000 -16.746000 0.000000
89770 -34.596000 11.519000 -17.780000 0.000000
89777 -34.461000 11.468000 -18.778000 0.000000
89785 -34.243000 11.360000 -19.729000 0.000000
89794 -33.322000 10.866000 -21.466000 0.000000
89795 -33.586000 11.044000 -21.105000 0.000000
89796 -33.926000 11.206000 -20.537000 0.000000
89805 -33.234000 10.919000 -22.012000 0.000000
89806 -33.553000 11.373000 -21.720000 0.000000
89807 -33.898000 11.783000 -21.281000 0.000000
89812 -33.184000 10.978000 -22.769000 0.000000
89813 -33.508000 11.515000 -22.460000 0.000000
89814 -33.848000 12.027000 -22.102000 0.000000
89822 -33.179000 11.017000 -23.421000 0.000000
89823 -33.508000 11.614000 -23.320000 0.000000
89824 -33.793000 12.083000 -22.847000 0.000000
89831 -33.081000 10.758000 -23.688000 0.000000
89832 -33.371000 11.216000 -24.058000 0.000000
89840 -33.616000 11.322000 -24.876000 0.000000
89841 -33.869000 11.462000 -25.564000 0.000000
89849 -34.110000 11.574000 -26.291000 0.000000
89856 -34.312000 11.538000 -27.115000 0.000000
89862 -34.526000 11.492000 -27.939000 0.000000
89875 -34.955000 12.177000 -29.418000 0.000000
89876 -35.117000 11.814000 -29.766000 0.000000
89888 -35.306000 11.632000 -30.346000 0.000000
89908 -35.550000 11.552000 -31.131000 0.000000
89925 -35.931000 11.531000 -32.120000 0.000000
89926 -36.217000 10.902000 -32.429000 0.000000
89939 -36.043000 12.044000 -32.751000 0.000000
89940 -36.358000 11.383000 -33.112000 0.000000
89948 -36.932000 11.370000 -34.283000 0.000000
89960 -37.011000 11.868000 -34.825000 0.000000
90576 -36.070000 11.998000 0.303000 0.000000
90577 -36.779000 12.069000 0.472000 0.000000
90584 -34.142000 12.681000 -0.907000 0.000000
90585 -34.726000 12.267000 -0.469000 0.000000
90586 -35.494000 12.096000 -0.047000 0.000000
90594 -33.805000 12.413000 -1.625000 0.000000
90595 -34.242000 12.002000 -1.040000 0.000000
90601 -33.077000 12.898000 -3.057000 0.000000
90602 -33.384000 12.457000 -2.584000 0.000000
90609 -32.986000 12.989000 -3.719000 0.000000
90610 -33.295000 12.292000 -3.450000 0.000000
90616 -33.013000 13.088000 -4.545000 0.000000
90617 -33.274000 12.350000 -4.301000 0.000000
90626 -33.041000 13.218000 -5.077000 0.000000
90627 -33.367000 12.597000 -5.290000 0.000000
90640 -33.662000 12.355000 -6.228000 0.000000
90652 -34.007000 12.384000 -7.011000 0.000000
90653 -34.428000 12.479000 -7.669000 0.000000
90662 -34.773000 12.533000 -8.241000 0.000000
90670 -35.082000 12.565000 -8.785000 0.000000
90671 -35.269000 12.613000 -9.239000 0.000000
90679 -35.252000 12.775000 -9.477000 0.000000
90689 -35.098000 12.693000 -11.413000 0.000000
90696 -35.370000 12.792000 -12.494000 0.000000
90697 -35.617000 13.263000 -12.797000 0.000000
90699 -35.397000 12.493000 -13.537000 0.000000
90700 -35.659000 13.123000 -13.289000 0.000000
90702 -35.051000 11.942000 -14.662000 0.000000
90703 -35.274000 12.316000 -14.430000 0.000000
90704 -35.665000 13.065000 -14.214000 0.000000
90706 -35.075000 12.166000 -15.236000 0.000000
90707 -35.478000 12.880000 -15.061000 0.000000
90708 -35.767000 13.406000 -14.947000 0.000000
90710 -34.928000 12.291000 -16.297000 0.000000
90712 -34.802000 12.572000 -17.400000 0.000000
90714 -34.616000 12.488000 -18.467000 0.000000
90721 -34.456000 12.437000 -19.488000 0.000000
90729 -34.242000 12.347000 -20.596000 0.000000
90736 -34.159000 12.657000 -21.692000 0.000000
90743 -34.086000 12.725000 -22.650000 0.000000
90751 -33.651000 11.842000 -23.889000 0.000000
90752 -33.947000 12.492000 -23.681000 0.000000
90760 -33.775000 11.939000 -24.403000 0.000000
90761 -34.091000 12.645000 -24.720000 0.000000
90769 -33.924000 11.983000 -25.066000 0.000000
90770 -34.180000 12.451000 -25.672000 0.000000
90779 -34.373000 12.506000 -26.670000 0.000000
90785 -34.880000 13.896000 -28.586000 0.000000
90791 -34.797000 13.193000 -28.980000 0.000000
90804 -34.911000 12.795000 -29.420000 0.000000
90805 -35.139000 12.669000 -29.990000 0.000000
90817 -35.316000 12.592000 -30.788000 0.000000
90836 -35.543000 12.608000 -31.688000 0.000000
90850 -35.783000 12.668000 -32.560000 0.000000
90863 -36.084000 12.516000 -33.242000 0.000000
90864 -36.413000 12.300000 -33.963000 0.000000
90877 -36.717000 12.232000 -34.592000 0.000000
90887 -36.968000 12.435000 -35.148000 0.000000
90888 -37.442000 12.541000 -35.764000 0.000000
91504 -35.801000 12.506000 0.096000 0.000000
91505 -36.241000 12.702000 0.211000 0.000000
91506 -37.022000 12.849000 0.277000 0.000000
91511 -33.866000 13.385000 -1.147000 0.000000
91512 -34.423000 13.315000 -0.563000 0.000000
91513 -35.418000 13.158000 -0.115000 0.000000
91514 -36.432000 13.502000 -0.001000 0.000000
91523 -32.967000 14.115000 -2.389000 0.000000
91524 -33.306000 13.523000 -2.039000 0.000000
91532 -32.807000 13.700000 -2.982000 0.000000
91533 -33.127000 13.141000 -2.651000 0.000000
91541 -32.571000 13.697000 -4.039000 0.000000
91550 -32.644000 13.624000 -4.887000 0.000000
91563 -32.942000 13.464000 -5.613000 0.000000
91564 -33.395000 13.011000 -5.993000 0.000000
91577 -33.163000 13.481000 -6.272000 0.000000
91578 -33.606000 13.074000 -6.606000 0.000000
91585 -33.286000 13.707000 -6.780000 0.000000
91586 -33.868000 13.383000 -7.406000 0.000000
91587 -34.411000 13.113000 -7.978000 0.000000
91593 -34.112000 13.648000 -8.079000 0.000000
91594 -34.567000 13.375000 -8.532000 0.000000
91600 -34.883000 13.344000 -9.139000 0.000000
91601 -35.135000 13.142000 -9.447000 0.000000
91609 -34.889000 13.531000 -9.457000 0.000000
91610 -35.056000 13.321000 -9.586000 0.000000
91617 -35.205000 13.418000 -11.735000 0.000000
91625 -35.458000 13.585000 -12.466000 0.000000
91626 -35.676000 13.657000 -13.079000 0.000000
91630 -35.817000 13.635000 -13.763000 0.000000
91632 -35.884000 13.780000 -14.539000 0.000000
91634 -35.289000 12.949000 -15.911000 0.000000
91635 -35.647000 13.482000 -15.617000 0.000000
91636 -35.874000 13.959000 -15.315000 0.000000
91638 -35.122000 13.166000 -16.778000 0.000000
91639 -35.483000 13.745000 -16.457000 0.000000
91640 -35.767000 14.065000 -16.008000 0.000000
91643 -35.043000 13.589000 -17.528000 0.000000
91644 -35.286000 13.835000 -17.089000 0.000000
91647 -34.824000 13.429000 -18.202000 0.000000
91650 -34.662000 13.459000 -19.140000 0.000000
91656 -34.501000 13.456000 -20.199000 0.000000
91664 -34.390000 13.502000 -21.265000 0.000000
91672 -34.326000 13.564000 -22.293000 0.000000
91677 -34.269000 13.525000 -23.294000 0.000000
91683 -34.264000 13.464000 -24.260000 0.000000
91689 -34.322000 13.449000 -25.182000 0.000000
91697 -34.419000 13.468000 -26.130000 0.000000
91705 -34.939000 14.574000 -28.256000 0.000000
91712 -34.945000 14.096000 -28.711000 0.000000
91713 -35.032000 14.331000 -28.954000 0.000000
91722 -34.853000 13.418000 -29.097000 0.000000
91723 -35.053000 13.742000 -29.423000 0.000000
91735 -35.220000 13.587000 -30.356000 0.000000
91750 -35.338000 13.574000 -31.262000 0.000000
91770 -35.543000 13.727000 -32.251000 0.000000
91788 -35.876000 13.555000 -33.240000 0.000000
91789 -36.176000 13.081000 -33.817000 0.000000
91810 -36.161000 13.764000 -33.996000 0.000000
91811 -36.476000 13.226000 -34.642000 0.000000
91823 -36.921000 13.368000 -35.693000 0.000000
92527 -34.126000 13.903000 -0.802000 0.000000
92528 -34.698000 14.371000 -0.583000 0.000000
92529 -35.833000 14.283000 -0.279000 0.000000
92538 -33.103000 14.556000 -1.951000 0.000000
92539 -33.739000 14.437000 -1.213000 0.000000
92540 -34.263000 14.963000 -0.998000 0.000000
92548 -32.656000 14.662000 -2.596000 0.000000
92557 -31.938000 15.291000 -3.910000 0.000000
92558 -32.258000 14.725000 -3.593000 0.000000
92566 -31.874000 15.062000 -4.395000 0.000000
92567 -32.208000 14.321000 -4.589000 0.000000
92574 -31.886000 14.817000 -5.212000 0.000000
92575 -32.358000 14.153000 -5.425000 0.000000
92580 -32.090000 14.629000 -5.865000 0.000000
92581 -32.632000 14.166000 -6.312000 0.000000
92586 -33.087000 14.309000 -7.291000 0.000000
92587 -33.666000 14.064000 -7.902000 0.000000
92593 -33.262000 14.615000 -8.139000 0.000000
92594 -33.923000 14.159000 -8.501000 0.000000
92595 -34.375000 13.925000 -8.918000 0.000000
92600 -33.485000 14.692000 -8.687000 0.000000
92601 -33.909000 14.430000 -9.019000 0.000000
92602 -34.512000 13.940000 -9.269000 0.000000
92608 -34.170000 14.296000 -9.278000 0.000000
92609 -34.688000 13.793000 -9.465000 0.000000
92610 -34.928000 13.963000 -11.366000 0.000000
92618 -34.707000 14.555000 -11.642000 0.000000
92619 -35.147000 14.093000 -12.030000 0.000000
92629 -34.960000 14.637000 -12.297000 0.000000
92630 -35.363000 14.349000 -12.874000 0.000000
92631 -35.725000 14.094000 -13.487000 0.000000
92638 -35.578000 14.657000 -13.760000 0.000000
92639 -35.849000 14.231000 -14.127000 0.000000
92643 -35.767000 14.765000 -14.414000 0.000000
92644 -35.905000 14.522000 -14.954000 0.000000
92648 -35.879000 14.613000 -15.858000 0.000000
92652 -35.463000 14.168000 -17.007000 0.000000
92653 -35.670000 14.594000 -16.799000 0.000000
92657 -35.018000 13.994000 -18.021000 0.000000
92658 -35.321000 14.508000 -17.703000 0.000000
92659 -35.597000 14.915000 -17.427000 0.000000
92661 -34.960000 14.429000 -18.672000 0.000000
92662 -35.183000 14.897000 -18.370000 0.000000
92664 -34.707000 14.481000 -19.818000 0.000000
92666 -34.549000 14.490000 -20.901000 0.000000
92672 -34.468000 14.503000 -21.938000 0.000000
92681 -34.425000 14.486000 -22.955000 0.000000
92688 -34.405000 14.402000 -23.948000 0.000000
92696 -34.403000 14.204000 -24.746000 0.000000
92704 -34.457000 14.392000 -25.563000 0.000000
92713 -34.930000 15.460000 -27.840000 0.000000
92719 -35.004000 15.080000 -28.190000 0.000000
92725 -35.063000 14.888000 -28.664000 0.000000
92726 -35.146000 14.730000 -29.211000 0.000000
92735 -35.291000 14.544000 -29.942000 0.000000
92753 -35.376000 14.472000 -30.812000 0.000000
92765 -35.464000 14.483000 -31.650000 0.000000
92781 -35.586000 14.658000 -32.296000 0.000000
92802 -35.737000 14.549000 -32.959000 0.000000
92825 -36.027000 14.531000 -33.795000 0.000000
92826 -36.242000 14.357000 -34.559000 0.000000
92844 -36.478000 14.259000 -35.323000 0.000000
92852 -36.790000 14.390000 -36.335000 0.000000
93534 -35.469000 15.002000 -0.677000 0.000000
93544 -33.332000 15.143000 -1.582000 0.000000
93545 -33.879000 15.493000 -1.274000 0.000000
93546 -34.791000 15.481000 -0.999000 0.000000
93547 -35.786000 15.724000 -0.977000 0.000000
93556 -32.863000 15.446000 -2.066000 0.000000
93557 -33.320000 15.727000 -1.621000 0.000000
93566 -32.025000 15.672000 -3.525000 0.000000
93567 -32.361000 15.512000 -2.824000 0.000000
93573 -31.703000 15.738000 -4.148000 0.000000
93579 -31.566000 15.589000 -4.950000 0.000000
93584 -31.683000 15.304000 -5.990000 0.000000
93585 -32.126000 14.745000 -6.270000 0.000000
93590 -31.780000 15.530000 -6.909000 0.000000
93591 -32.270000 14.863000 -6.775000 0.000000
93597 -32.122000 15.483000 -7.732000 0.000000
93598 -32.550000 15.036000 -7.618000 0.000000
93604 -32.544000 15.401000 -8.387000 0.000000
93605 -32.941000 15.156000 -8.558000 0.000000
93606 -33.452000 14.843000 -8.913000 0.000000
93611 -33.093000 15.189000 -8.898000 0.000000
93612 -33.532000 14.841000 -9.132000 0.000000
93613 -34.040000 14.789000 -10.626000 0.000000
93618 -33.068000 16.166000 -11.294000 0.000000
93619 -33.535000 15.810000 -11.556000 0.000000
93620 -34.131000 14.994000 -11.205000 0.000000
93627 -33.860000 16.059000 -12.671000 0.000000
93628 -34.453000 15.260000 -12.350000 0.000000
93629 -34.977000 14.868000 -12.708000 0.000000
93639 -33.972000 16.214000 -13.218000 0.000000
93640 -34.331000 15.943000 -13.371000 0.000000
93641 -35.021000 15.194000 -13.386000 0.000000
93645 -34.831000 15.968000 -14.279000 0.000000
93646 -35.439000 15.320000 -14.416000 0.000000
93647 -35.769000 15.096000 -14.911000 0.000000
93649 -35.239000 15.951000 -14.994000 0.000000
93650 -35.611000 15.586000 -15.211000 0.000000
93651 -35.828000 15.254000 -15.605000 0.000000
93653 -35.797000 15.307000 -16.479000 0.000000
93656 -35.524000 15.105000 -17.745000 0.000000
93657 -35.652000 15.445000 -17.439000 0.000000
93659 -35.107000 15.102000 -18.714000 0.000000
93660 -35.332000 15.544000 -18.368000 0.000000
93661 -35.559000 15.904000 -17.950000 0.000000
93663 -34.967000 15.534000 -19.407000 0.000000
93664 -35.146000 16.037000 -19.078000 0.000000
93667 -34.693000 15.500000 -20.579000 0.000000
93670 -34.561000 15.493000 -21.612000 0.000000
93678 -34.501000 15.483000 -22.627000 0.000000
93688 -34.477000 15.430000 -23.665000 0.000000
93695 -34.475000 15.261000 -24.812000 0.000000
93701 -34.788000 16.399000 -27.476000 0.000000
93709 -34.906000 16.032000 -27.822000 0.000000
93716 -34.997000 15.758000 -28.349000 0.000000
93723 -35.100000 15.569000 -28.940000 0.000000
93724 -35.275000 15.453000 -29.616000 0.000000
93735 -35.430000 15.375000 -30.430000 0.000000
93758 -35.544000 15.299000 -31.298000 0.000000
93777 -35.607000 15.174000 -31.976000 0.000000
93795 -35.685000 15.367000 -32.644000 0.000000
93815 -35.871000 15.440000 -33.526000 0.000000
93834 -36.155000 15.453000 -34.605000 0.000000
93835 -36.318000 14.866000 -35.024000 0.000000
93852 -36.234000 15.988000 -35.277000 0.000000
93853 -36.384000 15.362000 -35.663000 0.000000
93863 -36.601000 15.384000 -36.612000 0.000000
94586 -33.627000 16.219000 -1.563000 0.000000
94587 -34.310000 16.283000 -1.344000 0.000000
94588 -35.198000 16.410000 -1.239000 0.000000
94596 -32.597000 16.249000 -2.349000 0.000000
94597 -33.121000 16.230000 -1.874000 0.000000
94608 -31.726000 16.410000 -3.667000 0.000000
94609 -32.168000 16.328000 -3.013000 0.000000
94617 -31.059000 16.881000 -5.029000 0.000000
94618 -31.373000 16.465000 -4.495000 0.000000
94627 -30.927000 16.893000 -5.641000 0.000000
94628 -31.279000 16.231000 -5.411000 0.000000
94636 -30.812000 16.991000 -6.192000 0.000000
94637 -31.253000 16.217000 -6.196000 0.000000
94644 -30.720000 17.298000 -6.401000 0.000000
94645 -31.267000 16.300000 -6.753000 0.000000
94651 -30.999000 17.394000 -7.802000 0.000000
94652 -31.299000 16.958000 -8.185000 0.000000
94657 -31.727000 16.729000 -9.181000 0.000000
94658 -32.722000 15.382000 -8.634000 0.000000
94664 -31.736000 17.120000 -9.777000 0.000000
94665 -32.887000 15.312000 -8.799000 0.000000
94671 -32.706000 16.656000 -11.266000 0.000000
94672 -33.120000 16.288000 -11.599000 0.000000
94679 -32.716000 17.073000 -11.847000 0.000000
94680 -33.194000 16.608000 -12.201000 0.000000
94690 -33.662000 16.629000 -13.223000 0.000000
94691 -34.022000 16.338000 -13.502000 0.000000
94700 -33.636000 17.059000 -13.744000 0.000000
94701 -34.109000 16.684000 -14.081000 0.000000
94706 -34.749000 16.767000 -15.348000 0.000000
94707 -35.416000 16.100000 -15.654000 0.000000
94708 -35.694000 15.719000 -15.665000 0.000000
94713 -34.935000 17.055000 -16.178000 0.000000
94714 -35.271000 16.651000 -16.452000 0.000000
94715 -35.672000 15.858000 -16.152000 0.000000
94720 -35.407000 16.686000 -17.441000 0.000000
94721 -35.638000 16.024000 -16.960000 0.000000
94723 -35.393000 16.478000 -18.219000 0.000000
94724 -35.601000 16.118000 -17.638000 0.000000
94726 -35.032000 16.656000 -19.541000 0.000000
94727 -35.225000 16.410000 -18.874000 0.000000
94730 -34.823000 16.507000 -20.365000 0.000000
94732 -34.654000 16.480000 -21.308000 0.000000
94737 -34.558000 16.488000 -22.283000 0.000000
94747 -34.514000 16.478000 -23.297000 0.000000
94755 -34.500000 16.443000 -24.356000 0.000000
94763 -34.641000 17.309000 -27.149000 0.000000
94773 -34.704000 17.028000 -27.505000 0.000000
94785 -34.810000 16.757000 -28.136000 0.000000
94799 -34.971000 16.434000 -28.756000 0.000000
94800 -35.134000 16.270000 -29.335000 0.000000
94814 -35.313000 16.269000 -30.083000 0.000000
94839 -35.450000 16.222000 -30.991000 0.000000
94855 -35.610000 16.094000 -32.026000 0.000000
94868 -35.703000 16.298000 -33.108000 0.000000
94878 -35.873000 16.423000 -34.109000 0.000000
94887 -36.074000 16.580000 -35.031000 0.000000
94895 -36.197000 16.513000 -35.880000 0.000000
94896 -36.432000 16.022000 -36.313000 0.000000
94904 -36.317000 16.619000 -36.570000 0.000000
94905 -36.526000 16.161000 -36.950000 0.000000
94910 -36.325000 16.869000 -37.116000 0.000000
94911 -36.566000 16.526000 -37.710000 0.000000
95669 -33.411000 16.591000 -1.787000 0.000000
95670 -33.822000 16.826000 -1.679000 0.000000
95671 -34.598000 17.077000 -1.528000 0.000000
95678 -32.417000 16.876000 -2.595000 0.000000
95679 -33.100000 17.011000 -2.111000 0.000000
95680 -33.960000 17.553000 -2.044000 0.000000
95681 -34.902000 17.814000 -1.991000 0.000000
95690 -31.468000 17.074000 -3.855000 0.000000
95691 -32.001000 17.192000 -3.201000 0.000000
95699 -30.812000 17.489000 -5.096000 0.000000
95700 -31.143000 17.332000 -4.437000 0.000000
95708 -30.656000 17.585000 -5.713000 0.000000
95717 -30.551000 17.794000 -6.121000 0.000000
95726 -30.494000 18.162000 -6.254000 0.000000
95735 -30.996000 17.779000 -8.254000 0.000000
95736 -31.303000 17.239000 -8.767000 0.000000
95743 -30.974000 18.167000 -8.756000 0.000000
95744 -31.313000 17.669000 -9.284000 0.000000
95749 -31.754000 17.617000 -10.343000 0.000000
95750 -32.217000 17.092000 -10.811000 0.000000
95755 -31.771000 18.109000 -10.877000 0.000000
95756 -32.228000 17.599000 -11.372000 0.000000
95764 -32.759000 17.533000 -12.450000 0.000000
95765 -33.221000 16.989000 -12.828000 0.000000
95773 -32.915000 18.011000 -13.313000 0.000000
95774 -33.278000 17.300000 -13.324000 0.000000
95781 -32.997000 18.277000 -13.765000 0.000000
95782 -33.497000 17.752000 -14.214000 0.000000
95783 -34.108000 17.211000 -14.759000 0.000000
95785 -33.628000 18.154000 -14.901000 0.000000
95786 -34.055000 17.746000 -15.270000 0.000000
95788 -34.617000 17.621000 -16.260000 0.000000
95789 -34.990000 17.197000 -16.537000 0.000000
95793 -34.667000 18.004000 -16.903000 0.000000
95794 -35.007000 17.466000 -17.140000 0.000000
95797 -35.184000 17.311000 -18.023000 0.000000
95802 -35.021000 17.310000 -19.646000 0.000000
95803 -35.109000 17.317000 -18.987000 0.000000
95808 -34.910000 17.443000 -20.193000 0.000000
95809 -34.982000 17.786000 -19.685000 0.000000
95811 -34.755000 17.396000 -21.000000 0.000000
95814 -34.630000 17.469000 -21.885000 0.000000
95822 -34.551000 17.506000 -22.878000 0.000000
95831 -34.514000 17.503000 -23.914000 0.000000
95838 -34.563000 18.034000 -26.896000 0.000000
95845 -34.586000 17.985000 -27.155000 0.000000
95853 -34.645000 17.984000 -27.857000 0.000000
95867 -34.829000 17.533000 -28.919000 0.000000
95868 -34.988000 16.823000 -29.144000 0.000000
95885 -34.942000 17.855000 -29.787000 0.000000
95886 -35.076000 17.084000 -29.704000 0.000000
95908 -35.071000 17.664000 -30.248000 0.000000
95909 -35.256000 17.152000 -30.619000 0.000000
95918 -35.442000 17.099000 -31.603000 0.000000
95925 -35.553000 17.167000 -32.655000 0.000000
95931 -35.609000 17.294000 -33.715000 0.000000
95937 -35.685000 17.431000 -34.741000 0.000000
95944 -35.744000 17.463000 -35.733000 0.000000
95951 -35.945000 17.399000 -36.716000 0.000000
95958 -36.060000 17.469000 -37.759000 0.000000
95959 -36.425000 17.096000 -38.271000 0.000000
95964 -36.038000 17.655000 -38.646000 0.000000
96685 -32.569000 17.472000 -2.645000 0.000000
96686 -33.189000 17.944000 -2.512000 0.000000
96687 -34.156000 18.431000 -2.673000 0.000000
96696 -31.549000 17.926000 -3.765000 0.000000
96697 -32.380000 18.104000 -3.150000 0.000000
96698 -33.187000 18.596000 -3.074000 0.000000
96699 -33.734000 18.823000 -3.200000 0.000000
96711 -30.620000 18.190000 -5.221000 0.000000
96712 -30.952000 18.122000 -4.503000 0.000000
96722 -30.496000 18.217000 -5.753000 0.000000
96732 -30.419000 18.593000 -6.022000 0.000000
96740 -30.393000 19.014000 -6.175000 0.000000
96748 -30.778000 18.681000 -8.242000 0.000000
96757 -30.939000 18.678000 -9.079000 0.000000
96758 -31.266000 18.289000 -9.808000 0.000000
96767 -31.042000 18.954000 -9.718000 0.000000
96768 -31.392000 18.668000 -10.413000 0.000000
96778 -31.764000 18.654000 -11.261000 0.000000
96779 -32.204000 18.245000 -11.935000 0.000000
96786 -31.954000 18.922000 -11.905000 0.000000
96787 -32.365000 18.624000 -12.604000 0.000000
96794 -32.656000 18.744000 -13.396000 0.000000
96802 -32.972000 18.726000 -14.054000 0.000000
96803 -33.318000 18.630000 -14.695000 0.000000
96805 -33.654000 18.605000 -15.347000 0.000000
96806 -34.099000 18.264000 -15.916000 0.000000
96808 -33.851000 18.900000 -16.022000 0.000000
96809 -34.298000 18.530000 -16.635000 0.000000
96813 -34.659000 18.403000 -17.520000 0.000000
96814 -34.987000 17.815000 -17.786000 0.000000
96818 -34.674000 18.850000 -18.420000 0.000000
96819 -34.947000 18.038000 -18.357000 0.000000
96823 -34.695000 19.091000 -18.981000 0.000000
96824 -34.876000 18.473000 -19.270000 0.000000
96828 -34.830000 18.040000 -20.715000 0.000000
96829 -34.889000 18.324000 -20.138000 0.000000
96833 -34.720000 18.378000 -21.344000 0.000000
96834 -34.819000 18.577000 -20.720000 0.000000
96838 -34.597000 18.529000 -22.357000 0.000000
96843 -34.532000 18.560000 -23.438000 0.000000
96853 -34.503000 18.530000 -24.501000 0.000000
96862 -34.537000 18.917000 -26.871000 0.000000
96869 -34.537000 18.888000 -27.272000 0.000000
96877 -34.520000 19.034000 -27.846000 0.000000
96894 -34.566000 18.862000 -28.668000 0.000000
96909 -34.703000 18.559000 -29.619000 0.000000
96926 -34.830000 18.368000 -30.609000 0.000000
96927 -35.084000 17.772000 -30.656000 0.000000
96934 -34.771000 18.612000 -31.787000 0.000000
96935 -35.124000 17.847000 -31.234000 0.000000
96941 -34.855000 18.839000 -32.908000 0.000000
96942 -35.243000 17.983000 -32.234000 0.000000
96949 -34.888000 18.962000 -34.024000 0.000000
96950 -35.320000 18.122000 -33.316000 0.000000
96956 -34.785000 18.942000 -35.013000 0.000000
96957 -35.301000 18.233000 -34.392000 0.000000
96964 -34.492000 18.880000 -35.695000 0.000000
96965 -35.132000 18.365000 -35.527000 0.000000
96973 -35.208000 18.245000 -36.580000 0.000000
96981 -34.444000 18.587000 -37.518000 0.000000
96982 -35.346000 18.174000 -37.556000 0.000000
96991 -34.640000 18.519000 -38.374000 0.000000
96992 -35.426000 18.156000 -38.468000 0.000000
96998 -34.744000 18.513000 -39.176000 0.000000
96999 -35.550000 18.177000 -39.353000 0.000000
97750 -34.708000 18.773000 -2.893000 0.000000
97759 -31.960000 18.472000 -3.646000 0.000000
97760 -32.442000 18.839000 -3.569000 0.000000
97761 -33.256000 19.136000 -3.563000 0.000000
97762 -34.283000 19.109000 -3.430000 0.000000
97775 -30.762000 18.789000 -4.756000 0.000000
97776 -31.517000 18.957000 -4.127000 0.000000
97777 -32.463000 19.538000 -4.053000 0.000000
97778 -33.425000 19.704000 -4.154000 0.000000
97791 -30.517000 18.990000 -5.452000 0.000000
97802 -30.390000 19.491000 -5.950000 0.000000
97811 -30.378000 19.923000 -6.158000 0.000000
97819 -30.632000 19.538000 -8.328000 0.000000
97827 -30.752000 19.618000 -9.159000 0.000000
97835 -30.975000 19.631000 -9.951000 0.000000
97836 -31.287000 19.573000 -10.738000 0.000000
97849 -31.590000 19.587000 -11.480000 0.000000
97861 -31.906000 19.577000 -12.218000 0.000000
97862 -32.241000 19.475000 -12.951000 0.000000
97874 -32.530000 19.499000 -13.638000 0.000000
97883 -32.909000 19.613000 -14.559000 0.000000
97884 -33.299000 19.089000 -15.035000 0.000000
97889 -32.971000 20.139000 -15.090000 0.000000
97890 -33.354000 19.604000 -15.550000 0.000000
97893 -33.857000 19.570000 -16.694000 0.000000
97894 -34.275000 18.998000 -17.133000 0.000000
97897 -33.905000 20.049000 -17.347000 0.000000
97898 -34.255000 19.500000 -17.741000 0.000000
97903 -34.470000 19.558000 -18.654000 0.000000
97909 -34.644000 19.449000 -19.594000 0.000000
97910 -34.838000 18.830000 -19.849000 0.000000
97915 -34.638000 19.678000 -20.618000 0.000000
97916 -34.793000 19.001000 -20.324000 0.000000
97920 -34.614000 19.508000 -21.635000 0.000000
97921 -34.741000 19.044000 -20.940000 0.000000
97926 -34.534000 19.739000 -22.910000 0.000000
97928 -34.498000 19.575000 -24.071000 0.000000
97937 -34.473000 20.037000 -26.627000 0.000000
97946 -34.484000 19.808000 -26.930000 0.000000
97955 -34.435000 19.768000 -27.494000 0.000000
97965 -34.370000 19.769000 -28.228000 0.000000
97985 -34.322000 19.790000 -28.933000 0.000000
98000 -34.391000 19.432000 -29.533000 0.000000
98019 -33.816000 19.849000 -30.928000 0.000000
98020 -34.413000 19.250000 -30.354000 0.000000
98028 -33.652000 19.770000 -31.923000 0.000000
98029 -34.341000 19.248000 -31.334000 0.000000
98035 -33.565000 19.759000 -32.939000 0.000000
98036 -34.274000 19.366000 -32.433000 0.000000
98043 -33.224000 19.792000 -33.837000 0.000000
98044 -34.152000 19.563000 -33.681000 0.000000
98049 -33.419000 19.674000 -34.694000 0.000000
98050 -34.225000 19.419000 -34.775000 0.000000
98854 -30.905000 19.612000 -4.820000 0.000000
98855 -31.662000 20.067000 -4.512000 0.000000
98856 -32.587000 20.392000 -4.515000 0.000000
98857 -33.552000 20.519000 -4.709000 0.000000
98874 -30.568000 20.087000 -5.503000 0.000000
98893 -30.321000 20.473000 -5.975000 0.000000
98906 -30.240000 20.845000 -6.230000 0.000000
98916 -30.454000 20.475000 -8.407000 0.000000
98924 -30.605000 20.536000 -9.320000 0.000000
98932 -30.878000 20.531000 -10.237000 0.000000
98933 -31.198000 20.443000 -11.038000 0.000000
98942 -31.492000 20.417000 -11.743000 0.000000
98949 -31.856000 20.499000 -12.680000 0.000000
98950 -32.212000 19.993000 -13.221000 0.000000
98961 -31.913000 21.025000 -13.141000 0.000000
98962 -32.268000 20.550000 -13.693000 0.000000
98975 -32.645000 20.818000 -14.799000 0.000000
98985 -33.017000 20.589000 -15.551000 0.000000
98986 -33.335000 20.452000 -16.233000 0.000000
98992 -33.600000 20.579000 -17.079000 0.000000
98998 -33.918000 20.562000 -18.025000 0.000000
98999 -34.224000 20.010000 -18.317000 0.000000
99005 -33.959000 20.933000 -18.651000 0.000000
99006 -34.225000 20.422000 -18.993000 0.000000
99013 -34.409000 20.463000 -20.114000 0.000000
99016 -34.474000 20.540000 -21.147000 0.000000
99018 -34.492000 20.609000 -22.170000 0.000000
99024 -34.481000 20.811000 -23.011000 0.000000
99030 -34.473000 20.611000 -23.795000 0.000000
99038 -34.414000 20.804000 -26.438000 0.000000
99046 -34.398000 20.730000 -26.661000 0.000000
99056 -34.327000 20.646000 -27.179000 0.000000
99066 -34.224000 20.574000 -27.877000 0.000000
99085 -33.721000 21.230000 -29.116000 0.000000
99086 -34.048000 20.670000 -28.760000 0.000000
99102 -33.672000 20.980000 -29.615000 0.000000
99103 -34.043000 20.225000 -29.565000 0.000000
99124 -33.536000 20.574000 -30.410000 0.000000
99125 -34.057000 19.866000 -30.152000 0.000000
99143 -32.485000 20.874000 -31.647000 0.000000
99144 -33.010000 20.506000 -31.441000 0.000000
99151 -32.322000 20.460000 -32.209000 0.000000
99152 -32.995000 19.998000 -32.440000 0.000000
99159 -32.991000 19.835000 -33.193000 0.000000
99914 -30.964000 20.719000 -4.929000 0.000000
99915 -31.792000 21.165000 -4.717000 0.000000
99916 -32.765000 21.400000 -4.769000 0.000000
99917 -33.725000 21.542000 -4.986000 0.000000
99934 -29.960000 21.987000 -5.870000 0.000000
99935 -30.384000 21.297000 -5.540000 0.000000
99955 -29.791000 22.188000 -6.280000 0.000000
99956 -30.100000 21.384000 -6.104000 0.000000
99974 -29.706000 22.526000 -6.572000 0.000000
99975 -29.945000 21.697000 -6.363000 0.000000
99993 -29.966000 22.256000 -8.092000 0.000000
99994 -30.211000 21.581000 -8.527000 0.000000
100011 -30.469000 21.455000 -9.606000 0.000000
100024 -30.804000 21.602000 -10.789000 0.000000
100025 -31.183000 20.975000 -11.325000 0.000000
100033 -30.949000 21.925000 -11.426000 0.000000
100034 -31.254000 21.441000 -11.835000 0.000000
100041 -31.614000 21.560000 -12.804000 0.000000
100047 -31.926000 21.509000 -13.496000 0.000000
100048 -32.202000 21.522000 -14.177000 0.000000
100060 -32.399000 21.807000 -14.914000 0.000000
100075 -32.774000 21.588000 -15.776000 0.000000
100076 -33.064000 21.003000 -16.026000 0.000000
100090 -32.888000 21.926000 -16.437000 0.000000
100091 -33.147000 21.414000 -16.678000 0.000000
100097 -33.461000 21.454000 -17.692000 0.000000
100102 -33.710000 21.566000 -18.648000 0.000000
100103 -33.979000 21.190000 -19.086000 0.000000
100107 -33.859000 21.831000 -19.534000 0.000000
100108 -34.128000 21.205000 -19.750000 0.000000
100112 -34.015000 21.865000 -20.194000 0.000000
100113 -34.232000 21.460000 -20.718000 0.000000
100116 -34.348000 21.505000 -21.748000 0.000000
100118 -34.405000 21.559000 -22.698000 0.000000
100121 -34.418000 21.551000 -23.598000 0.000000
100125 -34.385000 21.486000 -24.519000 0.000000
100134 -34.249000 21.672000 -26.409000 0.000000
100143 -34.163000 21.525000 -26.842000 0.000000
100150 -33.612000 22.157000 -27.971000 0.000000
100151 -33.941000 21.535000 -27.595000 0.000000
100166 -33.654000 21.664000 -28.604000 0.000000
100167 -33.988000 21.101000 -28.192000 0.000000
100182 -33.415000 21.615000 -29.484000 0.000000
100196 -32.636000 21.857000 -30.569000 0.000000
100197 -33.063000 21.535000 -30.302000 0.000000
100217 -31.336000 21.711000 -31.528000 0.000000
100218 -32.367000 21.548000 -31.118000 0.000000
100219 -33.029000 21.063000 -30.848000 0.000000
100225 -31.832000 21.065000 -31.948000 0.000000
100226 -32.254000 20.993000 -31.762000 0.000000
100961 -30.966000 22.096000 -4.879000 0.000000
100962 -32.044000 22.321000 -4.581000 0.000000
100963 -33.062000 22.468000 -4.634000 0.000000
100964 -33.962000 22.608000 -4.824000 0.000000
100974 -29.783000 22.783000 -5.999000 0.000000
100975 -30.180000 22.483000 -5.437000 0.000000
100988 -29.631000 23.034000 -6.524000 0.000000
101002 -29.576000 23.366000 -6.880000 0.000000
101018 -29.937000 22.656000 -8.663000 0.000000
101019 -30.188000 22.035000 -9.110000 0.000000
101038 -29.907000 23.060000 -9.258000 0.000000
101039 -30.203000 22.502000 -9.747000 0.000000
101058 -30.425000 22.603000 -10.632000 0.000000
101075 -30.727000 22.560000 -11.447000 0.000000
101076 -31.015000 22.096000 -11.743000 0.000000
101088 -30.782000 23.025000 -12.051000 0.000000
101089 -31.133000 22.456000 -12.366000 0.000000
101096 -31.604000 22.436000 -13.444000 0.000000
101097 -31.943000 21.988000 -13.866000 0.000000
101105 -31.661000 22.999000 -14.041000 0.000000
101106 -32.000000 22.500000 -14.442000 0.000000
101116 -32.332000 22.641000 -15.491000 0.000000
101132 -32.675000 22.547000 -16.479000 0.000000
101133 -32.940000 22.163000 -16.877000 0.000000
101143 -32.851000 22.757000 -17.330000 0.000000
101144 -33.117000 22.171000 -17.479000 0.000000
101150 -33.010000 22.795000 -17.930000 0.000000
101151 -33.276000 22.442000 -18.351000 0.000000
101154 -33.519000 22.567000 -19.306000 0.000000
101158 -33.784000 22.612000 -20.272000 0.000000
101159 -34.028000 22.223000 -20.732000 0.000000
101163 -33.928000 22.771000 -21.002000 0.000000
101164 -34.117000 22.412000 -21.442000 0.000000
101166 -34.240000 22.440000 -22.393000 0.000000
101168 -34.311000 22.421000 -23.344000 0.000000
101171 -34.306000 22.395000 -24.275000 0.000000
101176 -34.131000 22.805000 -25.918000 0.000000
101183 -33.746000 23.160000 -26.683000 0.000000
101184 -33.962000 22.589000 -26.474000 0.000000
101189 -33.639000 22.694000 -27.330000 0.000000
101190 -33.903000 22.059000 -27.016000 0.000000
101198 -32.920000 23.357000 -28.780000 0.000000
101199 -33.264000 22.812000 -28.427000 0.000000
101213 -32.787000 23.022000 -29.243000 0.000000
101214 -33.155000 22.277000 -29.336000 0.000000
101233 -31.815000 22.994000 -30.425000 0.000000
101234 -32.444000 22.461000 -30.219000 0.000000
101235 -33.050000 21.984000 -29.861000 0.000000
101257 -30.700000 22.593000 -31.374000 0.000000
101258 -31.638000 22.552000 -30.871000 0.000000
101259 -32.172000 22.211000 -30.780000 0.000000
101915 -30.508000 23.371000 -4.970000 0.000000
101916 -31.429000 23.389000 -4.574000 0.000000
101917 -32.472000 23.454000 -4.441000 0.000000
101918 -33.435000 23.525000 -4.505000 0.000000
101922 -29.661000 23.704000 -6.292000 0.000000
101923 -29.941000 23.510000 -5.605000 0.000000
101931 -29.526000 23.891000 -6.897000 0.000000
101940 -29.490000 24.196000 -7.307000 0.000000
101949 -29.703000 23.584000 -8.956000 0.000000
101958 -29.861000 23.531000 -9.790000 0.000000
101959 -30.139000 23.125000 -10.329000 0.000000
101971 -29.978000 23.764000 -10.617000 0.000000
101972 -30.296000 23.236000 -10.979000 0.000000
101986 -30.129000 23.834000 -11.216000 0.000000
101987 -30.443000 23.538000 -11.735000 0.000000
102000 -30.838000 23.552000 -12.698000 0.000000
102001 -31.217000 22.986000 -13.026000 0.000000
102013 -30.951000 23.918000 -13.309000 0.000000
102014 -31.269000 23.505000 -13.629000 0.000000
102027 -31.704000 23.564000 -14.687000 0.000000
102028 -32.038000 23.064000 -15.028000 0.000000
102035 -31.816000 23.914000 -15.288000 0.000000
102036 -32.022000 23.559000 -15.510000 0.000000
102047 -31.969000 24.199000 -17.166000 0.000000
102058 -32.059000 24.071000 -17.563000 0.000000
102068 -32.171000 24.099000 -18.232000 0.000000
102069 -33.032000 23.064000 -18.349000 0.000000
102076 -32.582000 25.034000 -19.187000 0.000000
102077 -32.807000 24.916000 -19.580000 0.000000
102080 -33.137000 24.911000 -20.202000 0.000000
102085 -33.553000 24.947000 -21.147000 0.000000
102086 -33.944000 23.044000 -21.408000 0.000000
102089 -33.789000 24.977000 -21.689000 0.000000
102090 -33.980000 24.835000 -22.184000 0.000000
102093 -34.216000 24.592000 -23.177000 0.000000
102096 -34.315000 24.297000 -24.110000 0.000000
102098 -34.109000 23.870000 -25.462000 0.000000
102099 -34.225000 23.760000 -25.140000 0.000000
102105 -33.902000 23.691000 -26.113000 0.000000
102106 -34.072000 23.313000 -25.797000 0.000000
102114 -33.614000 23.765000 -26.940000 0.000000
102122 -33.024000 23.763000 -28.400000 0.000000
102123 -33.327000 23.662000 -27.759000 0.000000
102128 -32.103000 24.050000 -29.502000 0.000000
102129 -32.598000 23.868000 -29.019000 0.000000
102144 -31.234000 23.950000 -30.455000 0.000000
102145 -31.772000 23.664000 -30.059000 0.000000
102146 -32.329000 23.400000 -29.611000 0.000000
102165 -30.141000 23.630000 -31.477000 0.000000
102166 -30.885000 23.593000 -30.910000 0.000000
102167 -31.457000 23.342000 -30.549000 0.000000
102193 -28.704000 24.073000 -32.134000 0.000000
102793 -30.879000 24.607000 -4.680000 0.000000
102794 -31.976000 24.527000 -4.432000 0.000000
102795 -32.971000 24.522000 -4.355000 0.000000
102800 -29.709000 24.619000 -5.889000 0.000000
102801 -30.169000 24.250000 -5.209000 0.000000
102807 -29.504000 24.594000 -6.753000 0.000000
102812 -29.412000 24.706000 -7.396000 0.000000
102820 -29.326000 24.980000 -7.856000 0.000000
102827 -29.528000 24.387000 -9.498000 0.000000
102838 -29.691000 24.321000 -10.278000 0.000000
102849 -29.854000 24.547000 -11.190000 0.000000
102850 -30.150000 24.097000 -11.588000 0.000000
102861 -29.873000 25.022000 -11.824000 0.000000
102862 -30.238000 24.484000 -12.202000 0.000000
102874 -30.676000 24.525000 -13.273000 0.000000
102875 -31.006000 24.107000 -13.614000 0.000000
102891 -30.704000 25.047000 -13.829000 0.000000
102892 -31.106000 24.498000 -14.219000 0.000000
102906 -31.577000 24.485000 -15.342000 0.000000
102907 -31.863000 24.050000 -15.578000 0.000000
102921 -31.738000 25.231000 -16.566000 0.000000
102922 -31.858000 24.596000 -16.889000 0.000000
102935 -31.761000 25.010000 -16.910000 0.000000
102936 -31.976000 24.477000 -17.478000 0.000000
102945 -32.422000 25.359000 -18.810000 0.000000
102954 -32.645000 25.232000 -19.306000 0.000000
102955 -32.923000 25.004000 -19.825000 0.000000
102958 -32.933000 25.322000 -19.768000 0.000000
102959 -33.220000 25.205000 -20.438000 0.000000
102964 -33.589000 25.242000 -21.321000 0.000000
102966 -33.922000 25.185000 -22.178000 0.000000
102967 -34.130000 24.834000 -22.845000 0.000000
102969 -34.055000 25.174000 -23.125000 0.000000
102970 -34.249000 24.675000 -23.635000 0.000000
102972 -34.090000 25.016000 -24.085000 0.000000
102973 -34.258000 24.385000 -24.542000 0.000000
102976 -33.984000 24.601000 -25.201000 0.000000
102977 -34.211000 24.128000 -25.091000 0.000000
102980 -33.675000 24.677000 -26.306000 0.000000
102987 -33.058000 24.970000 -27.936000 0.000000
102988 -33.259000 24.775000 -27.458000 0.000000
102995 -32.835000 24.697000 -28.353000 0.000000
102996 -33.152000 24.224000 -28.013000 0.000000
103002 -31.756000 24.556000 -29.693000 0.000000
103003 -32.166000 24.829000 -29.171000 0.000000
103009 -30.882000 24.488000 -30.637000 0.000000
103010 -31.288000 24.714000 -30.159000 0.000000
103018 -29.050000 24.582000 -32.016000 0.000000
103019 -29.641000 24.599000 -31.634000 0.000000
103020 -30.358000 24.679000 -31.097000 0.000000
103037 -28.030000 25.087000 -32.393000 0.000000
103038 -28.482000 25.201000 -32.244000 0.000000
103606 -30.743000 25.908000 -4.762000 0.000000
103607 -31.622000 25.650000 -4.510000 0.000000
103613 -29.613000 25.779000 -5.794000 0.000000
103614 -30.143000 25.227000 -5.196000 0.000000
103620 -29.400000 25.466000 -6.575000 0.000000
103625 -28.899000 26.015000 -7.946000 0.000000
103626 -29.288000 25.371000 -7.343000 0.000000
103632 -28.877000 25.970000 -8.464000 0.000000
103633 -29.173000 25.426000 -7.973000 0.000000
103638 -28.730000 26.262000 -8.961000 0.000000
103639 -28.985000 25.721000 -8.544000 0.000000
103644 -28.695000 26.475000 -9.279000 0.000000
103645 -28.773000 26.230000 -9.188000 0.000000
103651 -29.583000 25.491000 -11.457000 0.000000
103657 -29.895000 25.588000 -12.433000 0.000000
103658 -30.269000 25.042000 -12.840000 0.000000
103663 -29.962000 26.067000 -13.046000 0.000000
103664 -30.310000 25.597000 -13.429000 0.000000
103674 -30.730000 25.594000 -14.387000 0.000000
103675 -31.136000 25.187000 -14.975000 0.000000
103686 -30.953000 25.869000 -15.197000 0.000000
103687 -31.583000 25.959000 -16.376000 0.000000
103699 -31.470000 26.574000 -17.282000 0.000000
103712 -31.774000 26.307000 -17.684000 0.000000
103713 -32.157000 25.804000 -18.265000 0.000000
103724 -32.048000 26.151000 -18.110000 0.000000
103725 -32.402000 25.839000 -18.699000 0.000000
103734 -32.750000 25.802000 -19.397000 0.000000
103737 -33.087000 25.816000 -20.084000 0.000000
103738 -33.369000 25.779000 -20.871000 0.000000
103743 -33.648000 25.784000 -21.679000 0.000000
103745 -33.865000 25.827000 -22.558000 0.000000
103747 -33.899000 25.777000 -23.521000 0.000000
103749 -33.848000 25.658000 -24.528000 0.000000
103752 -33.719000 25.604000 -25.565000 0.000000
103754 -33.436000 25.687000 -26.559000 0.000000
103756 -32.940000 25.432000 -27.927000 0.000000
103757 -33.131000 25.899000 -27.284000 0.000000
103764 -31.908000 25.870000 -29.153000 0.000000
103765 -32.282000 25.711000 -28.749000 0.000000
103772 -31.057000 25.768000 -30.021000 0.000000
103773 -31.541000 25.564000 -29.604000 0.000000
103774 -32.008000 25.370000 -29.191000 0.000000
103778 -30.183000 25.782000 -30.831000 0.000000
103779 -30.664000 25.513000 -30.479000 0.000000
103780 -31.172000 25.267000 -30.100000 0.000000
103786 -29.059000 25.407000 -31.870000 0.000000
103787 -29.859000 25.617000 -31.202000 0.000000
103788 -30.301000 25.273000 -30.960000 0.000000
103803 -26.917000 26.343000 -32.831000 0.000000
103804 -27.744000 26.055000 -32.540000 0.000000
103805 -28.408000 26.133000 -32.217000 0.000000
104358 -29.758000 27.297000 -5.067000 0.000000
104359 -30.516000 26.979000 -4.744000 0.000000
104360 -31.344000 26.741000 -4.535000 0.000000
104366 -28.815000 27.285000 -6.219000 0.000000
104367 -29.393000 26.777000 -5.664000 0.000000
104368 -30.012000 26.311000 -5.164000 0.000000
104374 -28.639000 26.977000 -7.019000 0.000000
104375 -29.163000 26.393000 -6.413000 0.000000
104381 -28.575000 26.794000 -7.854000 0.000000
104382 -29.034000 26.157000 -7.212000 0.000000
104389 -28.593000 26.677000 -8.651000 0.000000
104395 -28.579000 26.848000 -9.256000 0.000000
104400 -28.651000 26.716000 -9.443000 0.000000
104401 -29.307000 25.973000 -11.128000 0.000000
104407 -29.103000 26.919000 -11.584000 0.000000
104408 -29.360000 26.456000 -11.840000 0.000000
104415 -29.693000 26.587000 -12.842000 0.000000
104421 -30.003000 26.516000 -13.513000 0.000000
104422 -30.306000 26.433000 -14.133000 0.000000
104429 -30.805000 27.874000 -16.355000 0.000000
104435 -31.049000 27.383000 -16.818000 0.000000
104436 -31.269000 26.842000 -17.069000 0.000000
104442 -31.147000 27.271000 -17.060000 0.000000
104443 -31.410000 26.891000 -17.291000 0.000000
104449 -31.806000 26.622000 -17.790000 0.000000
104455 -32.194000 26.642000 -18.330000 0.000000
104456 -32.601000 26.516000 -19.025000 0.000000
104463 -32.876000 26.509000 -19.696000 0.000000
104467 -33.145000 26.602000 -20.567000 0.000000
104468 -33.403000 26.304000 -21.271000 0.000000
104473 -33.284000 26.891000 -21.304000 0.000000
104474 -33.567000 26.595000 -21.990000 0.000000
104476 -33.768000 26.589000 -22.966000 0.000000
104478 -33.731000 26.542000 -23.936000 0.000000
104481 -33.652000 26.498000 -24.916000 0.000000
104484 -33.508000 26.515000 -25.880000 0.000000
104486 -32.845000 26.799000 -27.133000 0.000000
104487 -33.100000 26.627000 -26.820000 0.000000
104489 -32.749000 26.469000 -27.604000 0.000000
104490 -33.018000 26.342000 -27.241000 0.000000
104495 -31.797000 26.292000 -29.004000 0.000000
104496 -32.146000 26.723000 -28.373000 0.000000
104502 -30.907000 26.192000 -29.887000 0.000000
104503 -31.226000 26.585000 -29.311000 0.000000
104509 -30.020000 26.213000 -30.745000 0.000000
104510 -30.315000 26.544000 -30.209000 0.000000
104516 -28.976000 26.374000 -31.693000 0.000000
104517 -29.457000 26.691000 -31.161000 0.000000
104526 -26.085000 27.004000 -33.033000 0.000000
104527 -26.939000 26.897000 -32.747000 0.000000
104528 -27.734000 26.852000 -32.428000 0.000000
104529 -28.361000 26.968000 -32.067000 0.000000
104544 -25.395000 27.414000 -33.122000 0.000000
105089 -29.443000 28.192000 -4.955000 0.000000
105090 -30.202000 27.936000 -4.689000 0.000000
105091 -31.022000 27.752000 -4.521000 0.000000
105097 -28.463000 28.164000 -6.042000 0.000000
105098 -29.076000 27.704000 -5.505000 0.000000
105105 -28.315000 27.861000 -6.841000 0.000000
105112 -28.258000 27.647000 -7.687000 0.000000
105118 -28.281000 27.581000 -8.528000 0.000000
105125 -28.356000 27.587000 -9.220000 0.000000
105131 -28.429000 27.574000 -9.587000 0.000000
105137 -28.955000 27.563000 -11.767000 0.000000
105138 -29.149000 27.094000 -11.915000 0.000000
105144 -29.037000 27.909000 -12.416000 0.000000
105145 -29.271000 27.447000 -12.572000 0.000000
105150 -29.750000 27.458000 -13.731000 0.000000
105151 -30.050000 26.953000 -13.976000 0.000000
105157 -29.904000 27.846000 -14.404000 0.000000
105158 -30.619000 28.357000 -16.053000 0.000000
105164 -30.800000 28.106000 -16.430000 0.000000
105170 -31.134000 27.814000 -17.052000 0.000000
105171 -31.321000 27.311000 -17.248000 0.000000
105177 -31.373000 28.070000 -17.415000 0.000000
105178 -31.708000 27.511000 -17.752000 0.000000
105183 -32.457000 27.549000 -18.952000 0.000000
105184 -32.716000 27.002000 -19.366000 0.000000
105190 -32.559000 27.966000 -19.601000 0.000000
105191 -32.778000 27.479000 -19.933000 0.000000
105196 -32.983000 27.540000 -20.986000 0.000000
105200 -33.253000 27.442000 -21.786000 0.000000
105201 -33.486000 27.365000 -22.505000 0.000000
105204 -33.619000 27.390000 -23.390000 0.000000
105206 -33.616000 27.346000 -24.362000 0.000000
105209 -33.483000 27.301000 -25.280000 0.000000
105211 -33.246000 27.261000 -26.083000 0.000000
105213 -32.674000 27.286000 -27.002000 0.000000
105214 -33.002000 27.249000 -26.548000 0.000000
105216 -31.760000 27.691000 -27.983000 0.000000
105217 -32.274000 27.256000 -27.770000 0.000000
105220 -30.821000 27.647000 -28.897000 0.000000
105221 -31.488000 27.173000 -28.644000 0.000000
105222 -31.958000 27.246000 -28.224000 0.000000
105224 -29.886000 27.618000 -29.856000 0.000000
105225 -30.544000 27.098000 -29.553000 0.000000
105226 -31.016000 27.129000 -29.097000 0.000000
105231 -29.216000 27.687000 -30.891000 0.000000
105232 -29.698000 27.144000 -30.535000 0.000000
105233 -30.089000 27.095000 -30.026000 0.000000
105239 -27.546000 28.019000 -32.082000 0.000000
105240 -28.118000 27.907000 -31.899000 0.000000
105241 -28.774000 27.462000 -31.497000 0.000000
105242 -29.309000 27.266000 -31.057000 0.000000
105255 -25.422000 28.009000 -32.849000 0.000000
105256 -26.065000 27.630000 -32.812000 0.000000
105257 -27.071000 27.644000 -32.418000 0.000000
105258 -27.859000 27.484000 -32.198000 0.000000
105259 -28.286000 27.467000 -31.960000 0.000000
105271 -24.803000 27.983000 -33.165000 0.000000
105272 -25.408000 27.706000 -32.981000 0.000000
105846 -29.226000 28.905000 -4.916000 0.000000
105847 -29.813000 28.781000 -4.649000 0.000000
105848 -30.605000 28.687000 -4.498000 0.000000
105849 -31.464000 28.604000 -4.461000 0.000000
105856 -28.223000 28.898000 -5.934000 0.000000
105857 -28.744000 28.656000 -5.367000 0.000000
105865 -27.707000 29.164000 -7.441000 0.000000
105866 -27.956000 28.796000 -6.681000 0.000000
105873 -27.743000 29.121000 -8.161000 0.000000
105874 -27.951000 28.469000 -7.519000 0.000000
105880 -27.839000 29.124000 -8.938000 0.000000
105881 -27.988000 28.394000 -8.357000 0.000000
105887 -27.937000 29.148000 -9.363000 0.000000
105888 -28.067000 28.563000 -9.228000 0.000000
105894 -28.242000 28.417000 -9.717000 0.000000
105900 -28.300000 28.394000 -9.945000 0.000000
105906 -28.890000 28.538000 -12.651000 0.000000
105907 -29.096000 28.082000 -12.756000 0.000000
105912 -28.994000 28.884000 -13.337000 0.000000
105913 -29.241000 28.416000 -13.454000 0.000000
105918 -29.974000 29.377000 -15.585000 0.000000
105919 -30.367000 28.809000 -15.775000 0.000000
105925 -30.122000 29.286000 -15.743000 0.000000
105926 -30.450000 28.869000 -16.006000 0.000000
105932 -30.798000 28.688000 -16.721000 0.000000
105938 -31.148000 28.587000 -17.289000 0.000000
105939 -31.479000 28.476000 -17.762000 0.000000
105944 -31.905000 28.540000 -18.549000 0.000000
105951 -32.291000 28.640000 -19.701000 0.000000
105952 -32.554000 28.144000 -19.939000 0.000000
105957 -32.318000 28.985000 -20.364000 0.000000
105958 -32.560000 28.467000 -20.591000 0.000000
105961 -32.939000 28.368000 -21.784000 0.000000
105962 -33.251000 27.866000 -22.206000 0.000000
105965 -33.083000 28.727000 -22.356000 0.000000
105966 -33.350000 28.241000 -22.771000 0.000000
105968 -33.583000 28.144000 -23.866000 0.000000
105971 -33.516000 28.074000 -24.831000 0.000000
105973 -33.254000 27.969000 -25.654000 0.000000
105975 -31.760000 28.580000 -26.903000 0.000000
105976 -32.432000 28.174000 -26.639000 0.000000
105977 -32.937000 27.767000 -26.326000 0.000000
105979 -30.755000 28.681000 -27.849000 0.000000
105980 -31.421000 28.313000 -27.563000 0.000000
105981 -32.055000 27.893000 -27.295000 0.000000
105984 -29.842000 28.753000 -28.886000 0.000000
105985 -30.480000 28.372000 -28.546000 0.000000
105986 -31.139000 28.006000 -28.257000 0.000000
105988 -28.937000 28.758000 -29.978000 0.000000
105989 -29.570000 28.391000 -29.585000 0.000000
105990 -30.196000 27.995000 -29.226000 0.000000
105992 -27.213000 28.941000 -31.202000 0.000000
105993 -27.962000 28.794000 -31.039000 0.000000
105994 -28.729000 28.355000 -30.833000 0.000000
105995 -29.356000 28.016000 -30.298000 0.000000
106000 -26.116000 28.758000 -31.973000 0.000000
106001 -26.920000 28.437000 -31.876000 0.000000
106002 -27.671000 28.406000 -31.615000 0.000000
106003 -28.284000 28.239000 -31.439000 0.000000
106017 -25.103000 28.557000 -32.694000 0.000000
106018 -25.755000 28.345000 -32.505000 0.000000
106019 -26.393000 28.171000 -32.369000 0.000000
106028 -24.582000 28.735000 -33.019000 0.000000
106637 -29.363000 29.491000 -4.768000 0.000000
106638 -30.059000 29.540000 -4.520000 0.000000
106639 -30.924000 29.535000 -4.402000 0.000000
106647 -28.296000 29.467000 -5.584000 0.000000
106648 -28.810000 29.463000 -5.113000 0.000000
106655 -27.613000 29.724000 -7.003000 0.000000
106656 -27.936000 29.547000 -6.222000 0.000000
106664 -27.540000 29.842000 -7.908000 0.000000
106671 -27.649000 29.857000 -8.781000 0.000000
106678 -27.863000 29.752000 -9.606000 0.000000
106679 -28.002000 29.168000 -9.583000 0.000000
106686 -27.989000 30.016000 -10.356000 0.000000
106687 -28.092000 29.198000 -9.811000 0.000000
106693 -28.043000 30.084000 -10.658000 0.000000
106694 -28.170000 29.227000 -10.146000 0.000000
106701 -28.477000 29.428000 -12.439000 0.000000
106708 -28.798000 30.615000 -14.803000 0.000000
106709 -29.056000 29.047000 -13.684000 0.000000
106714 -28.957000 30.489000 -14.933000 0.000000
106715 -29.329000 30.150000 -15.276000 0.000000
106721 -29.858000 29.804000 -15.951000 0.000000
106722 -30.227000 29.291000 -15.965000 0.000000
106727 -30.066000 30.025000 -16.893000 0.000000
106728 -30.359000 29.341000 -16.454000 0.000000
106733 -30.240000 30.132000 -17.422000 0.000000
106734 -30.682000 29.567000 -17.521000 0.000000
106735 -31.205000 28.969000 -17.645000 0.000000
106739 -30.948000 29.967000 -18.728000 0.000000
106740 -31.326000 29.204000 -18.223000 0.000000
106749 -31.108000 30.144000 -19.316000 0.000000
106750 -31.524000 29.628000 -19.362000 0.000000
106757 -32.036000 29.643000 -20.504000 0.000000
106758 -32.330000 29.137000 -20.702000 0.000000
106761 -32.178000 30.057000 -21.134000 0.000000
106762 -32.446000 29.428000 -21.342000 0.000000
106766 -32.852000 29.186000 -22.160000 0.000000
106767 -33.217000 29.009000 -22.683000 0.000000
106771 -33.460000 28.823000 -23.446000 0.000000
106776 -33.520000 28.736000 -24.451000 0.000000
106779 -31.957000 29.487000 -26.250000 0.000000
106780 -32.789000 29.155000 -25.916000 0.000000
106781 -33.312000 28.677000 -25.376000 0.000000
106783 -29.962000 29.967000 -27.129000 0.000000
106784 -30.698000 29.615000 -26.890000 0.000000
106785 -31.472000 29.259000 -26.651000 0.000000
106786 -32.233000 28.896000 -26.379000 0.000000
106787 -32.898000 28.503000 -26.077000 0.000000
106789 -28.966000 29.992000 -28.037000 0.000000
106790 -29.695000 29.708000 -27.780000 0.000000
106791 -30.395000 29.363000 -27.498000 0.000000
106792 -31.072000 28.972000 -27.193000 0.000000
106795 -27.935000 29.855000 -28.988000 0.000000
106796 -28.680000 29.645000 -28.736000 0.000000
106797 -29.426000 29.414000 -28.486000 0.000000
106798 -30.116000 29.079000 -28.182000 0.000000
106800 -27.070000 29.901000 -30.086000 0.000000
106801 -27.725000 29.605000 -29.775000 0.000000
106802 -28.448000 29.365000 -29.505000 0.000000
106803 -29.178000 29.109000 -29.225000 0.000000
106806 -26.236000 29.732000 -30.987000 0.000000
106807 -26.797000 29.514000 -30.745000 0.000000
106808 -27.496000 29.324000 -30.531000 0.000000
106809 -28.240000 29.096000 -30.308000 0.000000
106812 -25.271000 29.700000 -31.970000 0.000000
106813 -25.804000 29.550000 -31.562000 0.000000
106814 -26.497000 29.147000 -31.383000 0.000000
106826 -24.777000 29.453000 -32.548000 0.000000
106827 -25.463000 29.054000 -32.216000 0.000000
106835 -24.290000 29.219000 -33.134000 0.000000
107447 -28.779000 30.808000 -4.960000 0.000000
107448 -29.310000 30.357000 -4.747000 0.000000
107449 -30.284000 30.400000 -4.471000 0.000000
107456 -27.845000 30.880000 -5.834000 0.000000
107457 -28.338000 30.380000 -5.325000 0.000000
107458 -28.968000 29.924000 -4.976000 0.000000
107467 -27.653000 30.524000 -6.356000 0.000000
107468 -28.027000 29.968000 -5.853000 0.000000
107478 -27.380000 30.646000 -7.528000 0.000000
107487 -27.422000 30.674000 -8.526000 0.000000
107494 -27.551000 30.711000 -9.465000 0.000000
107503 -27.694000 30.804000 -10.385000 0.000000
107511 -27.792000 30.992000 -11.360000 0.000000
107512 -28.040000 30.031000 -11.639000 0.000000
107520 -27.894000 31.464000 -13.050000 0.000000
107521 -28.133000 30.137000 -12.200000 0.000000
107529 -27.992000 31.465000 -13.702000 0.000000
107530 -28.228000 31.174000 -14.158000 0.000000
107538 -28.696000 30.912000 -15.039000 0.000000
107539 -29.067000 30.458000 -15.154000 0.000000
107547 -28.754000 31.041000 -15.994000 0.000000
107548 -29.173000 30.460000 -15.621000 0.000000
107557 -28.834000 31.093000 -16.537000 0.000000
107558 -29.269000 30.666000 -16.614000 0.000000
107566 -29.858000 30.728000 -17.658000 0.000000
107567 -30.287000 30.253000 -17.736000 0.000000
107573 -30.005000 31.083000 -18.278000 0.000000
107574 -30.327000 30.631000 -18.429000 0.000000
107585 -30.792000 30.746000 -19.551000 0.000000
107586 -31.186000 30.275000 -19.641000 0.000000
107593 -30.986000 31.193000 -20.214000 0.000000
107594 -31.337000 30.625000 -20.330000 0.000000
107597 -31.883000 30.608000 -21.096000 0.000000
107598 -32.239000 30.457000 -21.589000 0.000000
107600 -32.634000 30.030000 -22.125000 0.000000
107601 -33.004000 29.438000 -22.492000 0.000000
107603 -32.530000 30.491000 -23.646000 0.000000
107604 -33.242000 29.360000 -22.946000 0.000000
107608 -32.406000 30.400000 -24.457000 0.000000
107609 -33.450000 29.114000 -24.005000 0.000000
107612 -28.923000 30.958000 -26.263000 0.000000
107613 -29.638000 30.752000 -26.261000 0.000000
107614 -30.438000 30.390000 -26.287000 0.000000
107615 -31.522000 29.884000 -26.223000 0.000000
107616 -32.441000 29.520000 -25.897000 0.000000
107617 -33.232000 29.171000 -25.157000 0.000000
107619 -27.949000 30.906000 -27.037000 0.000000
107620 -28.687000 30.665000 -26.828000 0.000000
107621 -29.448000 30.468000 -26.705000 0.000000
107622 -30.229000 30.209000 -26.605000 0.000000
107623 -31.077000 29.854000 -26.471000 0.000000
107625 -27.741000 30.699000 -27.796000 0.000000
107626 -28.446000 30.425000 -27.520000 0.000000
107627 -29.200000 30.209000 -27.314000 0.000000
107630 -26.905000 30.827000 -28.935000 0.000000
107631 -27.530000 30.473000 -28.568000 0.000000
107632 -28.204000 30.174000 -28.257000 0.000000
107635 -26.071000 30.867000 -30.133000 0.000000
107636 -26.684000 30.539000 -29.710000 0.000000
107637 -27.306000 30.209000 -29.340000 0.000000
107640 -25.765000 30.346000 -30.913000 0.000000
107641 -26.426000 30.150000 -30.419000 0.000000
107648 -24.946000 30.284000 -31.968000 0.000000
107649 -25.383000 30.142000 -31.542000 0.000000
107661 -24.475000 30.383000 -32.522000 0.000000
108245 -29.049000 31.114000 -4.806000 0.000000
108246 -29.663000 31.180000 -4.611000 0.000000
108247 -30.470000 31.293000 -4.460000 0.000000
108259 -27.963000 31.209000 -5.572000 0.000000
108260 -28.431000 31.379000 -5.077000 0.000000
108272 -27.553000 31.464000 -6.138000 0.000000
108282 -27.031000 32.354000 -7.558000 0.000000
108283 -27.194000 31.772000 -7.152000 0.000000
108292 -27.009000 32.207000 -8.038000 0.000000
108293 -27.204000 31.481000 -8.203000 0.000000
108299 -27.057000 32.085000 -8.685000 0.000000
108300 -27.239000 31.606000 -9.187000 0.000000
108307 -27.380000 31.645000 -10.181000 0.000000
108313 -27.500000 31.775000 -11.194000 0.000000
108320 -27.582000 31.933000 -12.390000 0.000000
108327 -27.781000 31.945000 -13.699000 0.000000
108328 -28.026000 31.473000 -13.993000 0.000000
108335 -27.890000 32.226000 -14.709000 0.000000
108336 -28.131000 31.539000 -14.504000 0.000000
108343 -27.988000 32.427000 -15.245000 0.000000
108344 -28.277000 31.871000 -15.537000 0.000000
108351 -28.641000 31.726000 -16.713000 0.000000
108352 -28.886000 31.195000 -16.850000 0.000000
108360 -28.736000 32.005000 -17.350000 0.000000
108361 -29.059000 31.552000 -17.483000 0.000000
108369 -29.769000 31.750000 -18.435000 0.000000
108370 -30.091000 31.285000 -18.600000 0.000000
108382 -30.063000 32.283000 -18.992000 0.000000
108383 -30.267000 31.724000 -19.262000 0.000000
108391 -30.800000 31.778000 -20.133000 0.000000
108392 -31.206000 31.702000 -20.682000 0.000000
108395 -31.570000 31.493000 -21.200000 0.000000
108396 -31.963000 31.346000 -21.671000 0.000000
108398 -32.240000 31.140000 -22.014000 0.000000
108400 -32.354000 30.985000 -22.144000 0.000000
108405 -28.620000 31.825000 -25.510000 0.000000
108406 -29.005000 31.505000 -25.602000 0.000000
108407 -30.718000 31.726000 -24.732000 0.000000
108408 -31.471000 31.469000 -24.486000 0.000000
108409 -32.087000 31.070000 -24.129000 0.000000
108412 -27.863000 31.887000 -26.060000 0.000000
108413 -28.478000 31.553000 -25.895000 0.000000
108414 -29.055000 31.251000 -25.851000 0.000000
108415 -29.571000 31.015000 -25.977000 0.000000
108416 -31.101000 31.100000 -25.105000 0.000000
108417 -31.824000 30.819000 -24.836000 0.000000
108419 -27.014000 31.990000 -27.053000 0.000000
108420 -27.597000 31.583000 -26.688000 0.000000
108421 -28.241000 31.237000 -26.417000 0.000000
108423 -26.788000 31.742000 -27.804000 0.000000
108424 -27.370000 31.335000 -27.412000 0.000000
108426 -25.932000 31.868000 -28.979000 0.000000
108427 -26.554000 31.490000 -28.572000 0.000000
108428 -27.158000 31.108000 -28.179000 0.000000
108430 -25.702000 31.593000 -29.778000 0.000000
108431 -26.315000 31.212000 -29.351000 0.000000
108433 -24.854000 31.655000 -31.035000 0.000000
108434 -25.448000 31.230000 -30.569000 0.000000
108441 -24.642000 31.200000 -31.934000 0.000000
108442 -25.167000 30.815000 -31.322000 0.000000
109014 -29.040000 31.806000 -4.742000 0.000000
109015 -29.763000 32.038000 -4.545000 0.000000
109024 -27.774000 31.977000 -5.558000 0.000000
109025 -28.345000 32.377000 -5.011000 0.000000
109033 -27.047000 32.761000 -6.802000 0.000000
109034 -27.235000 32.509000 -6.452000 0.000000
109041 -27.013000 32.631000 -7.131000 0.000000
109042 -27.121000 32.296000 -6.919000 0.000000
109051 -26.825000 32.817000 -7.845000 0.000000
109059 -26.757000 32.805000 -8.672000 0.000000
109060 -26.975000 32.366000 -9.214000 0.000000
109068 -26.702000 33.006000 -9.530000 0.000000
109069 -27.069000 32.393000 -9.884000 0.000000
109076 -26.790000 33.101000 -10.242000 0.000000
109077 -27.156000 32.672000 -10.841000 0.000000
109085 -27.309000 32.713000 -11.900000 0.000000
109093 -27.383000 32.965000 -13.070000 0.000000
109099 -27.627000 32.960000 -14.212000 0.000000
109107 -27.782000 32.952000 -15.060000 0.000000
109108 -28.060000 32.837000 -15.677000 0.000000
109117 -28.327000 32.715000 -16.461000 0.000000
109128 -28.671000 32.704000 -17.435000 0.000000
109129 -28.842000 32.203000 -17.658000 0.000000
109138 -28.888000 33.188000 -17.981000 0.000000
109139 -29.160000 32.677000 -18.200000 0.000000
109145 -29.891000 32.826000 -18.846000 0.000000
109146 -30.247000 32.824000 -19.457000 0.000000
109150 -30.637000 32.720000 -20.107000 0.000000
109151 -31.184000 32.666000 -20.702000 0.000000
109155 -31.479000 32.466000 -21.303000 0.000000
109156 -31.759000 32.238000 -21.767000 0.000000
109158 -32.028000 32.047000 -22.088000 0.000000
109160 -30.705000 32.835000 -23.781000 0.000000
109161 -31.435000 32.454000 -23.497000 0.000000
109162 -32.178000 31.743000 -22.166000 0.000000
109167 -27.776000 32.937000 -25.068000 0.000000
109168 -28.265000 32.477000 -25.131000 0.000000
109169 -28.681000 31.983000 -25.328000 0.000000
109170 -30.320000 32.367000 -24.378000 0.000000
109171 -31.107000 32.132000 -24.138000 0.000000
109172 -31.760000 31.754000 -23.817000 0.000000
109175 -26.968000 32.996000 -26.031000 0.000000
109176 -27.535000 32.589000 -25.706000 0.000000
109177 -28.096000 32.196000 -25.522000 0.000000
109180 -26.734000 32.708000 -26.740000 0.000000
109181 -27.284000 32.285000 -26.365000 0.000000
109183 -26.081000 32.913000 -27.968000 0.000000
109184 -26.512000 32.444000 -27.485000 0.000000
109186 -25.706000 32.603000 -28.709000 0.000000
109187 -26.255000 32.175000 -28.242000 0.000000
109189 -24.749000 32.806000 -29.900000 0.000000
109190 -25.380000 32.337000 -29.458000 0.000000
109192 -24.576000 32.523000 -30.725000 0.000000
109193 -25.125000 32.040000 -30.245000 0.000000
109200 -24.441000 32.204000 -31.577000 0.000000
109763 -29.077000 32.689000 -4.739000 0.000000
109764 -29.805000 32.942000 -4.588000 0.000000
109769 -27.725000 33.000000 -5.549000 0.000000
109770 -28.443000 33.365000 -5.050000 0.000000
109777 -27.002000 33.166000 -6.807000 0.000000
109778 -27.262000 33.604000 -6.189000 0.000000
109783 -26.766000 33.425000 -7.410000 0.000000
109789 -26.558000 33.588000 -8.196000 0.000000
109798 -26.418000 33.738000 -9.063000 0.000000
109811 -26.403000 33.816000 -9.956000 0.000000
109823 -26.630000 33.715000 -10.886000 0.000000
109824 -27.015000 33.348000 -11.531000 0.000000
109841 -26.723000 33.971000 -11.673000 0.000000
109842 -27.072000 33.690000 -12.311000 0.000000
109859 -27.234000 33.917000 -13.060000 0.000000
109874 -27.378000 33.881000 -13.825000 0.000000
109887 -27.608000 34.009000 -14.903000 0.000000
109888 -27.873000 33.517000 -15.522000 0.000000
109899 -27.889000 34.171000 -15.674000 0.000000
109900 -28.142000 33.744000 -16.228000 0.000000
109908 -28.515000 33.632000 -17.067000 0.000000
109913 -28.839000 33.694000 -17.751000 0.000000
109914 -29.214000 33.737000 -18.285000 0.000000
109916 -29.740000 33.681000 -18.760000 0.000000
109917 -30.224000 33.704000 -19.351000 0.000000
109920 -30.629000 33.693000 -19.996000 0.000000
109921 -31.141000 33.668000 -20.617000 0.000000
109925 -31.494000 33.617000 -21.420000 0.000000
109926 -31.654000 33.028000 -21.819000 0.000000
109929 -31.684000 33.820000 -22.120000 0.000000
109930 -31.787000 32.960000 -22.196000 0.000000
109933 -27.464000 34.145000 -24.125000 0.000000
109934 -27.858000 34.062000 -23.799000 0.000000
109935 -28.839000 34.290000 -23.453000 0.000000
109936 -30.330000 34.481000 -23.030000 0.000000
109937 -31.601000 33.904000 -22.567000 0.000000
109938 -31.981000 32.695000 -22.273000 0.000000
109942 -26.969000 34.097000 -25.007000 0.000000
109943 -27.499000 33.726000 -24.562000 0.000000
109944 -28.018000 33.424000 -24.325000 0.000000
109945 -29.153000 33.060000 -24.327000 0.000000
109946 -29.852000 33.030000 -24.071000 0.000000
109948 -26.697000 33.772000 -25.742000 0.000000
109949 -27.252000 33.345000 -25.349000 0.000000
109952 -25.978000 33.978000 -26.805000 0.000000
109953 -26.483000 33.456000 -26.444000 0.000000
109955 -25.835000 33.607000 -27.521000 0.000000
109956 -26.268000 33.181000 -27.161000 0.000000
109959 -25.532000 33.234000 -28.483000 0.000000
109962 -25.139000 33.106000 -29.204000 0.000000
110573 -29.165000 33.485000 -4.815000 0.000000
110582 -27.814000 34.119000 -5.505000 0.000000
110583 -28.789000 34.395000 -5.085000 0.000000
110584 -29.512000 34.748000 -4.996000 0.000000
110596 -26.872000 34.079000 -6.855000 0.000000
110597 -27.241000 34.718000 -6.188000 0.000000
110607 -26.539000 34.328000 -7.636000 0.000000
110622 -26.300000 34.529000 -8.499000 0.000000
110640 -25.943000 35.210000 -9.596000 0.000000
110641 -26.088000 34.844000 -9.433000 0.000000
110658 -25.930000 35.193000 -9.873000 0.000000
110659 -26.178000 34.715000 -10.430000 0.000000
110671 -26.421000 34.621000 -11.335000 0.000000
110684 -26.715000 34.659000 -12.153000 0.000000
110685 -27.057000 34.391000 -12.724000 0.000000
110692 -26.965000 35.004000 -12.731000 0.000000
110693 -27.234000 34.761000 -13.348000 0.000000
110696 -27.482000 34.848000 -14.242000 0.000000
110699 -27.735000 35.043000 -14.910000 0.000000
110702 -27.923000 34.858000 -15.469000 0.000000
110703 -28.206000 34.761000 -16.099000 0.000000
110705 -28.661000 34.676000 -16.848000 0.000000
110706 -29.178000 34.933000 -17.423000 0.000000
110708 -28.877000 34.308000 -17.441000 0.000000
110709 -29.333000 34.593000 -17.967000 0.000000
110711 -29.799000 34.576000 -18.595000 0.000000
110712 -30.234000 34.579000 -19.201000 0.000000
110715 -30.621000 34.582000 -19.822000 0.000000
110716 -31.059000 34.603000 -20.424000 0.000000
110720 -31.397000 34.685000 -21.150000 0.000000
110723 -29.950000 35.221000 -22.793000 0.000000
110724 -30.486000 35.226000 -22.681000 0.000000
110725 -31.500000 34.932000 -22.129000 0.000000
110728 -27.060000 34.931000 -24.098000 0.000000
110729 -27.404000 34.695000 -23.866000 0.000000
110730 -28.389000 34.766000 -23.320000 0.000000
110731 -29.664000 34.945000 -22.956000 0.000000
110732 -30.956000 34.686000 -22.750000 0.000000
110733 -31.527000 34.356000 -22.426000 0.000000
110736 -26.794000 34.834000 -24.503000 0.000000
110737 -27.217000 34.273000 -24.401000 0.000000
110741 -26.297000 34.687000 -25.462000 0.000000
110745 -26.258000 34.139000 -26.174000 0.000000
111381 -27.916000 35.525000 -5.544000 0.000000
111382 -29.062000 35.448000 -5.179000 0.000000
111395 -26.707000 35.244000 -7.016000 0.000000
111396 -27.188000 35.700000 -6.279000 0.000000
111409 -26.351000 35.167000 -7.913000 0.000000
111425 -25.902000 35.892000 -9.028000 0.000000
111426 -26.066000 35.589000 -8.728000 0.000000
111437 -25.890000 35.634000 -9.450000 0.000000
111438 -25.988000 35.344000 -9.208000 0.000000
111447 -25.891000 35.694000 -10.379000 0.000000
111448 -26.153000 35.284000 -11.013000 0.000000
111454 -26.010000 35.939000 -11.148000 0.000000
111455 -26.358000 35.528000 -11.712000 0.000000
111462 -26.679000 35.578000 -12.408000 0.000000
111464 -27.078000 35.696000 -13.028000 0.000000
111465 -27.436000 35.698000 -13.780000 0.000000
111468 -27.735000 35.757000 -14.545000 0.000000
111471 -28.056000 35.760000 -15.286000 0.000000
111472 -28.410000 36.008000 -15.826000 0.000000
111474 -28.232000 35.414000 -15.826000 0.000000
111475 -28.667000 35.664000 -16.378000 0.000000
111477 -29.216000 35.649000 -17.136000 0.000000
111478 -29.543000 35.534000 -17.796000 0.000000
111480 -29.829000 35.452000 -18.372000 0.000000
111482 -30.258000 35.510000 -19.031000 0.000000
111483 -30.604000 35.432000 -19.700000 0.000000
111486 -30.935000 35.414000 -20.260000 0.000000
111487 -31.245000 35.472000 -20.850000 0.000000
111492 -31.066000 35.947000 -21.832000 0.000000
111493 -31.255000 35.665000 -21.578000 0.000000
111496 -28.160000 35.904000 -22.796000 0.000000
111497 -28.609000 35.784000 -22.694000 0.000000
111498 -29.669000 35.536000 -22.647000 0.000000
111499 -30.816000 35.786000 -22.159000 0.000000
111500 -31.348000 35.572000 -22.018000 0.000000
111503 -27.005000 35.321000 -23.928000 0.000000
111504 -27.833000 35.603000 -23.156000 0.000000
111505 -28.905000 35.267000 -22.911000 0.000000
111506 -29.401000 35.223000 -22.853000 0.000000
112064 -27.859000 36.804000 -5.672000 0.000000
112065 -28.663000 36.466000 -5.362000 0.000000
112075 -26.801000 36.554000 -6.708000 0.000000
112076 -27.394000 36.416000 -6.049000 0.000000
112084 -25.997000 36.910000 -8.092000 0.000000
112085 -26.294000 36.170000 -7.720000 0.000000
112096 -25.826000 36.484000 -8.902000 0.000000
112097 -26.058000 36.291000 -8.367000 0.000000
112105 -25.723000 36.582000 -9.855000 0.000000
112112 -25.805000 36.660000 -10.783000 0.000000
112118 -26.192000 36.644000 -11.730000 0.000000
112119 -26.445000 36.074000 -12.127000 0.000000
112125 -26.388000 37.134000 -12.224000 0.000000
112126 -26.690000 36.602000 -12.595000 0.000000
112130 -27.302000 36.591000 -13.396000 0.000000
112131 -27.745000 36.587000 -14.103000 0.000000
112135 -28.092000 36.616000 -14.827000 0.000000
112138 -28.389000 36.627000 -15.513000 0.000000
112139 -28.680000 36.602000 -16.148000 0.000000
112141 -29.101000 36.589000 -16.850000 0.000000
112143 -29.557000 36.585000 -17.807000 0.000000
112144 -29.778000 36.027000 -18.164000 0.000000
112146 -29.650000 37.051000 -18.413000 0.000000
112147 -29.920000 36.496000 -18.749000 0.000000
112149 -30.457000 36.474000 -19.854000 0.000000
112150 -30.778000 35.937000 -20.141000 0.000000
112153 -30.479000 36.848000 -20.546000 0.000000
112154 -30.902000 36.288000 -20.789000 0.000000
112155 -31.234000 35.935000 -21.115000 0.000000
112161 -30.231000 36.551000 -21.800000 0.000000
112162 -30.873000 36.248000 -21.642000 0.000000
112163 -31.128000 36.106000 -21.298000 0.000000
112166 -27.257000 36.936000 -22.872000 0.000000
112167 -28.091000 36.366000 -22.557000 0.000000
112168 -29.138000 36.230000 -22.314000 0.000000
112169 -30.019000 36.192000 -22.189000 0.000000
112170 -30.516000 36.232000 -21.990000 0.000000
112175 -27.475000 36.302000 -23.043000 0.000000
112714 -27.791000 37.473000 -5.731000 0.000000
112715 -28.309000 37.414000 -5.519000 0.000000
112724 -26.789000 37.429000 -6.696000 0.000000
112725 -27.300000 37.429000 -6.152000 0.000000
112732 -25.954000 37.559000 -7.892000 0.000000
112733 -26.336000 37.442000 -7.333000 0.000000
112744 -25.766000 37.538000 -8.440000 0.000000
112753 -25.624000 37.518000 -9.314000 0.000000
112759 -25.636000 37.580000 -10.271000 0.000000
112764 -25.838000 37.624000 -11.216000 0.000000
112766 -26.146000 37.679000 -12.007000 0.000000
112767 -26.551000 37.642000 -12.584000 0.000000
112769 -27.093000 37.542000 -13.177000 0.000000
112770 -27.630000 37.446000 -13.797000 0.000000
112772 -27.999000 37.442000 -14.421000 0.000000
112774 -28.372000 37.564000 -15.222000 0.000000
112775 -28.578000 37.249000 -15.869000 0.000000
112777 -28.580000 37.924000 -15.980000 0.000000
112778 -28.788000 37.504000 -16.564000 0.000000
112780 -29.094000 37.482000 -17.384000 0.000000
112782 -29.228000 37.617000 -18.340000 0.000000
112783 -29.594000 37.313000 -18.866000 0.000000
112785 -29.156000 37.845000 -19.308000 0.000000
112786 -29.815000 37.342000 -19.581000 0.000000
112790 -29.091000 37.827000 -20.252000 0.000000
112791 -29.896000 37.320000 -20.587000 0.000000
112792 -30.394000 36.977000 -20.989000 0.000000
112799 -27.980000 37.639000 -21.522000 0.000000
112800 -28.614000 37.579000 -21.236000 0.000000
112801 -29.750000 37.028000 -21.450000 0.000000
112802 -30.486000 36.705000 -21.372000 0.000000
112805 -27.038000 37.577000 -22.657000 0.000000
112806 -27.722000 37.475000 -22.052000 0.000000
112807 -28.834000 36.916000 -21.944000 0.000000
112808 -29.613000 36.623000 -21.964000 0.000000
113395 -27.804000 38.159000 -5.760000 0.000000
113404 -26.839000 38.241000 -6.682000 0.000000
113405 -27.333000 38.216000 -6.158000 0.000000
113412 -25.940000 38.337000 -7.806000 0.000000
113413 -26.377000 38.286000 -7.259000 0.000000
113422 -25.609000 38.433000 -8.739000 0.000000
113432 -25.487000 38.529000 -9.708000 0.000000
113439 -25.599000 38.623000 -10.739000 0.000000
113441 -25.842000 38.617000 -11.750000 0.000000
113443 -26.250000 38.477000 -12.501000 0.000000
113444 -26.722000 38.433000 -13.086000 0.000000
113446 -27.394000 38.491000 -13.881000 0.000000
113447 -27.821000 37.977000 -14.136000 0.000000
113449 -27.565000 38.872000 -14.470000 0.000000
113450 -27.923000 38.421000 -14.681000 0.000000
113452 -28.247000 38.558000 -15.653000 0.000000
113454 -28.373000 38.552000 -16.777000 0.000000
113455 -28.739000 37.987000 -17.123000 0.000000
113457 -27.207000 39.201000 -18.044000 0.000000
113458 -27.947000 38.918000 -17.714000 0.000000
113459 -28.552000 38.282000 -17.834000 0.000000
113461 -26.952000 39.153000 -18.761000 0.000000
113462 -27.693000 38.781000 -18.619000 0.000000
113463 -28.472000 38.251000 -18.935000 0.000000
113465 -27.069000 39.016000 -19.438000 0.000000
113466 -27.743000 38.603000 -19.626000 0.000000
113467 -28.448000 38.237000 -19.914000 0.000000
113471 -27.159000 38.945000 -20.304000 0.000000
113472 -27.751000 38.440000 -20.550000 0.000000
113473 -28.315000 38.018000 -20.757000 0.000000
113480 -27.145000 38.766000 -21.239000 0.000000
113481 -27.740000 37.996000 -21.419000 0.000000
113482 -28.196000 37.834000 -21.114000 0.000000
113488 -27.403000 37.953000 -21.971000 0.000000
114070 -26.914000 38.971000 -6.686000 0.000000
114081 -26.004000 39.081000 -7.720000 0.000000
114082 -26.433000 39.076000 -7.224000 0.000000
114089 -25.757000 39.223000 -8.210000 0.000000
114100 -25.507000 39.456000 -9.082000 0.000000
114112 -25.375000 39.611000 -10.149000 0.000000
114118 -25.526000 39.808000 -11.369000 0.000000
114120 -25.976000 39.555000 -12.634000 0.000000
114121 -26.373000 38.971000 -12.942000 0.000000
114123 -26.177000 39.953000 -13.291000 0.000000
114124 -26.576000 39.420000 -13.568000 0.000000
114126 -27.248000 39.521000 -14.625000 0.000000
114127 -27.636000 39.010000 -14.746000 0.000000
114129 -27.351000 40.030000 -15.719000 0.000000
114130 -27.751000 39.180000 -15.256000 0.000000
114132 -27.167000 40.045000 -16.754000 0.000000
114133 -27.831000 39.351000 -16.223000 0.000000
114135 -26.832000 39.805000 -17.649000 0.000000
114136 -27.622000 39.379000 -17.215000 0.000000
114138 -26.638000 39.669000 -18.503000 0.000000
114140 -26.635000 39.573000 -19.278000 0.000000
114145 -26.697000 39.505000 -20.045000 0.000000
114757 -26.093000 39.636000 -7.751000 0.000000
114768 -25.879000 40.326000 -8.366000 0.000000
114777 -25.476000 40.585000 -9.478000 0.000000
114789 -25.336000 40.711000 -10.574000 0.000000
114802 -25.393000 40.911000 -11.448000 0.000000
114811 -25.591000 40.685000 -12.277000 0.000000
114813 -25.925000 40.619000 -13.260000 0.000000
114814 -26.276000 40.217000 -13.707000 0.000000
114816 -26.190000 40.833000 -14.073000 0.000000
114817 -26.594000 40.272000 -14.315000 0.000000
114819 -26.424000 40.948000 -14.705000 0.000000
114820 -26.755000 40.626000 -15.248000 0.000000
114822 -26.192000 41.176000 -16.561000 0.000000
114823 -26.567000 40.850000 -16.303000 0.000000
114825 -26.008000 41.120000 -16.970000 0.000000
114826 -26.426000 40.512000 -17.293000 0.000000
114829 -26.277000 40.332000 -18.218000 0.000000
114832 -26.295000 40.215000 -19.100000 0.000000
114837 -26.423000 40.052000 -19.781000 0.000000
115488 -25.455000 41.660000 -10.020000 0.000000
115496 -25.344000 41.693000 -11.043000 0.000000
115507 -25.389000 41.665000 -11.998000 0.000000
115521 -25.600000 41.581000 -12.948000 0.000000
115531 -25.865000 41.529000 -13.866000 0.000000
115541 -26.093000 41.402000 -14.557000 0.000000
115549 -26.208000 41.432000 -15.398000 0.000000
115550 -26.517000 41.071000 -15.730000 0.000000
115557 -26.360000 41.258000 -15.964000 0.000000
116259 -25.484000 42.597000 -10.640000 0.000000
116271 -25.397000 42.586000 -11.633000 0.000000
116286 -25.426000 42.538000 -12.632000 0.000000
116295 -25.579000 42.447000 -13.646000 0.000000
116307 -25.752000 42.231000 -14.731000 0.000000
117037 -25.422000 43.490000 -12.255000 0.000000
